annualization_sessions,annualized_return,assignment,cash_return,completed_trades,costs,end,full_nav_available,max_drawdown,net_pnl,phase,portfolio,sessions,sharpe,stale_days,start,task,turnover,turnover_dollars,unfilled_trades,unresolved_trades,variant,volatility
252,0.0002162609696112,time_value,0,1,1,2025-12-31,True,-0.0001918782044654,861.0303999999305,development,event_covered_call,1003,1.0116696339586717,0,2022-01-03,0,0.0355548639658165,35581.0,2,0,primary,0.0002137659345274
252,0.0002996231929022,time_value,0,1,1,2025-12-31,True,-0.0003097339681319,1193.080399999977,development,event_stock,1003,0.942340019690748,0,2022-01-03,0,0.034830538936964,34866.0,2,0,primary,0.0003179627104687
252,0.0001715683345104,time_value,0,9,1,2025-12-31,True,-0.0022451068228922,683.0438000002177,development,ordinary_covered_call,1003,0.1492350617412969,0,2022-01-03,0,0.2529010425853141,252854.0,23,0,primary,0.001154011252255
252,0.0004646329905948,time_value,0,9,1,2025-12-31,True,-0.0032843308758392,1850.593800000148,development,ordinary_stock,1003,0.2516318800667904,0,2022-01-03,0,0.2406711225409544,240677.0,23,0,primary,0.0018528678377749
252,0.0004474135728165,time_value,0,14,1,2025-12-31,True,-0.0024569904167281,1781.964599999832,development,planned_covered_call,1003,0.3384308245878987,1,2022-01-03,0,0.4015960820189255,401900.0,20,0,primary,0.0013243179316538
252,0.0004960241673448,time_value,0,14,1,2025-12-31,True,-0.0036753957205605,1975.7145999999484,development,planned_stock,1003,0.2702802979714442,0,2022-01-03,0,0.3885056270958028,388809.0,20,0,primary,0.0018410327391941
252,-0.0002526080116818,time_value,0,7,1,2025-12-31,True,-0.0019772835236818,-1005.0415999998804,development,shifted_covered_call,1003,-0.293213424622754,1,2022-01-03,0,0.1927850320177537,192745.0,21,0,primary,0.0008603631509
252,-0.0003934288722844,time_value,0,7,1,2025-12-31,True,-0.0031191124750719,-1564.991599999834,development,shifted_stock,1003,-0.2802816600156027,0,2022-01-03,0,0.18502423153501,184986.0,21,0,primary,0.0014004703571809
252,0.000201705391482,time_value,0,1,2,2025-12-31,True,-0.0001918822785335,803.0607999999775,development,event_covered_call,1003,0.9394382872714552,0,2022-01-03,1,0.0355566150018543,35581.0,2,0,primary,0.0002147114513831
252,0.0002943718709269,time_value,0,1,2,2025-12-31,True,-0.0003097370924302,1172.1607999999542,development,event_stock,1003,0.9254554125361112,0,2022-01-03,1,0.0348311595384652,34866.0,2,0,primary,0.0003180912388599
252,-2.0580815391468832e-05,time_value,0,9,2,2025-12-31,True,-0.0022970368471204,-81.91239999979734,development,ordinary_covered_call,1003,-0.0170059551269866,0,2022-01-03,1,0.2529898297420838,252854.0,23,0,primary,0.0011700127815495
252,0.0004283997093288,time_value,0,9,2,2025-12-31,True,-0.0032996822389571,1706.1875999999463,development,ordinary_stock,1003,0.2319653333980863,0,2022-01-03,1,0.2406881429797606,240677.0,23,0,primary,0.001853834047926
252,0.0002200018050919,time_value,0,14,2,2025-12-31,True,-0.0025653449479464,875.9292000000132,development,planned_covered_call,1003,0.1645947527636147,1,2022-01-03,1,0.4017852127367586,401900.0,20,0,primary,0.0013419461203644
252,0.0004374935374902,time_value,0,14,2,2025-12-31,True,-0.0036961458263755,1742.429199999664,development,planned_stock,1003,0.2382036037185316,0,2022-01-03,1,0.3885515875251721,388809.0,20,0,primary,0.0018433631185837
252,-0.0003803720317651,time_value,0,7,2,2025-12-31,True,-0.0023306343759895,-1513.0831999999937,development,shifted_covered_call,1003,-0.4342136373343022,1,2022-01-03,1,0.1928338725834552,192745.0,21,0,primary,0.0008752866372947
252,-0.0004213489804822,time_value,0,7,2,2025-12-31,True,-0.0031770441819071,-1675.983200000017,development,shifted_stock,1003,-0.2999158521006103,0,2022-01-03,1,0.1850345483320661,184986.0,21,0,primary,0.0014019118273467
252,0.0002162609696112,any_itm,0,1,1,2025-12-31,True,-0.0001918782044654,861.0303999999305,development,event_covered_call,1003,1.0116696339586717,0,2022-01-03,2,0.0355548639658165,35581.0,2,0,primary,0.0002137659345274
252,0.0002996231929022,any_itm,0,1,1,2025-12-31,True,-0.0003097339681319,1193.080399999977,development,event_stock,1003,0.942340019690748,0,2022-01-03,2,0.034830538936964,34866.0,2,0,primary,0.0003179627104687
252,0.0001715683345104,any_itm,0,9,1,2025-12-31,True,-0.0022451068228922,683.0438000002177,development,ordinary_covered_call,1003,0.1492350617412969,0,2022-01-03,2,0.2529010425853141,252854.0,23,0,primary,0.001154011252255
252,0.0004646329905948,any_itm,0,9,1,2025-12-31,True,-0.0032843308758392,1850.593800000148,development,ordinary_stock,1003,0.2516318800667904,0,2022-01-03,2,0.2406711225409544,240677.0,23,0,primary,0.0018528678377749
252,0.0004474135728165,any_itm,0,14,1,2025-12-31,True,-0.0024569904167281,1781.964599999832,development,planned_covered_call,1003,0.3384308245878987,1,2022-01-03,2,0.4015960820189255,401900.0,20,0,primary,0.0013243179316538
252,0.0004960241673448,any_itm,0,14,1,2025-12-31,True,-0.0036753957205605,1975.7145999999484,development,planned_stock,1003,0.2702802979714442,0,2022-01-03,2,0.3885056270958028,388809.0,20,0,primary,0.0018410327391941
252,-0.000165791930744,any_itm,0,7,1,2025-12-31,True,-0.0019552891991888,-659.7151999999769,development,shifted_covered_call,1003,-0.1884474599094571,1,2022-01-03,2,0.1912780943034613,191301.0,21,0,primary,0.0008778081107157
252,-0.0003934288722844,any_itm,0,7,1,2025-12-31,True,-0.0031191124750719,-1564.991599999834,development,shifted_stock,1003,-0.2802816600156027,0,2022-01-03,2,0.18502423153501,184986.0,21,0,primary,0.0014004703571809
252,0.0001296783098794,time_value,0,3,1,2025-12-31,True,-0.0018562897404793,516.2400000001071,development,event_covered_call,1003,0.1304799683432757,0,2022-01-03,3,0.1182822089018849,118306.0,0,0,dte30,0.0009976023716596
252,9.9797048356276e-06,time_value,0,3,1,2025-12-31,True,-0.0021697715335076,39.72139999992214,development,event_stock,1003,0.0089294858950377,0,2022-01-03,3,0.1171444571916388,117131.0,0,0,dte30,0.0011978896875478
252,nan,time_value,0,7,1,2025-12-31,False,nan,nan,development,ordinary_covered_call,1003,nan,6,2022-01-03,3,nan,191749.0,25,0,dte30,nan
252,0.0003336266244697,time_value,0,7,1,2025-12-31,True,-0.0032843308758392,1328.5472000001464,development,ordinary_stock,1003,0.2000377923418199,0,2022-01-03,3,0.1891370999413619,189088.0,25,0,dte30,0.001674544333891
252,0.0011036377895126,time_value,0,14,1,2025-12-31,True,-0.0023535819073563,4399.882599999895,development,planned_covered_call,1003,0.7238376930667366,7,2022-01-03,3,0.3869296868652014,387344.0,20,0,dte30,0.0015254718383451
252,0.0009639079698073,time_value,0,14,1,2025-12-31,True,-0.0025445617221444,3842.0205999998143,development,planned_stock,1003,0.5344500892143716,0,2022-01-03,3,0.3854512047957357,385799.0,20,0,dte30,0.00180573308181
252,nan,time_value,0,9,1,2025-12-31,False,nan,nan,development,shifted_covered_call,1003,nan,7,2022-01-03,3,nan,245288.0,19,0,dte30,nan
252,0.0003410746658214,time_value,0,9,1,2025-12-31,True,-0.0054449812424991,1358.221400000155,development,shifted_stock,1003,0.2053389456928117,0,2022-01-03,3,0.2441040675035435,244631.0,19,0,dte30,0.0016675163453646
252,0.0001021110426535,time_value,0,3,2,2025-12-31,True,-0.001856327552027,406.47999999986496,development,event_covered_call,1003,0.1028441194392354,0,2022-01-03,4,0.1182928332061506,118306.0,0,0,dte30,0.0009976564037153
252,-7.67747008334485e-06,time_value,0,3,2,2025-12-31,True,-0.0021697993493413,-30.557200000039305,development,event_stock,1003,-0.0058082496148297,0,2022-01-03,4,0.1171511987183721,117131.0,0,0,dte30,0.0011983141331059
252,nan,time_value,0,7,2,2025-12-31,False,nan,nan,development,ordinary_covered_call,1003,nan,6,2022-01-03,4,nan,191749.0,25,0,dte30,nan
252,0.0003051491468435,time_value,0,7,2,2025-12-31,True,-0.0032996822389571,1215.0943999998271,development,ordinary_stock,1003,0.1829522651904108,0,2022-01-03,4,0.1891482325049729,189088.0,25,0,dte30,0.0016753279426439
252,0.0010153231253762,time_value,0,14,2,2025-12-31,True,-0.0023536392294716,4047.265199999907,development,planned_covered_call,1003,0.667128557239182,7,2022-01-03,4,0.3869932144301737,387344.0,20,0,dte30,0.0015228976798758
252,0.0009059113745832,time_value,0,14,2,2025-12-31,True,-0.0025445941830305,3610.541199999978,development,planned_stock,1003,0.5029472332479795,0,2022-01-03,4,0.3854916423870624,385799.0,20,0,dte30,0.0018036241336941
252,nan,time_value,0,9,2,2025-12-31,False,nan,nan,development,shifted_covered_call,1003,nan,7,2022-01-03,4,nan,245288.0,19,0,dte30,nan
252,0.0003042325285613,time_value,0,9,2,2025-12-31,True,-0.0054963450583823,1211.4427999999607,development,shifted_stock,1003,0.1831352617377417,0,2022-01-03,4,0.24412790780115,244631.0,19,0,dte30,0.001668589287956
252,0.0001296783098794,any_itm,0,3,1,2025-12-31,True,-0.0018562897404793,516.2400000001071,development,event_covered_call,1003,0.1304799683432757,0,2022-01-03,5,0.1182822089018849,118306.0,0,0,dte30,0.0009976023716596
252,9.9797048356276e-06,any_itm,0,3,1,2025-12-31,True,-0.0021697715335076,39.72139999992214,development,event_stock,1003,0.0089294858950377,0,2022-01-03,5,0.1171444571916388,117131.0,0,0,dte30,0.0011978896875478
252,nan,any_itm,0,7,1,2025-12-31,False,nan,nan,development,ordinary_covered_call,1003,nan,6,2022-01-03,5,nan,191749.0,25,0,dte30,nan
252,0.0003336266244697,any_itm,0,7,1,2025-12-31,True,-0.0032843308758392,1328.5472000001464,development,ordinary_stock,1003,0.2000377923418199,0,2022-01-03,5,0.1891370999413619,189088.0,25,0,dte30,0.001674544333891
252,0.0011036377895126,any_itm,0,14,1,2025-12-31,True,-0.0023535819073563,4399.882599999895,development,planned_covered_call,1003,0.7238376930667366,7,2022-01-03,5,0.3869296868652014,387344.0,20,0,dte30,0.0015254718383451
252,0.0009639079698073,any_itm,0,14,1,2025-12-31,True,-0.0025445617221444,3842.0205999998143,development,planned_stock,1003,0.5344500892143716,0,2022-01-03,5,0.3854512047957357,385799.0,20,0,dte30,0.00180573308181
252,nan,any_itm,0,9,1,2025-12-31,False,nan,nan,development,shifted_covered_call,1003,nan,7,2022-01-03,5,nan,245288.0,19,0,dte30,nan
252,0.0003410746658214,any_itm,0,9,1,2025-12-31,True,-0.0054449812424991,1358.221400000155,development,shifted_stock,1003,0.2053389456928117,0,2022-01-03,5,0.2441040675035435,244631.0,19,0,dte30,0.0016675163453646
252,0.0003465088291341,time_value,0,2,1,2025-12-31,True,-0.0005830665448626,1379.872399999993,development,event_covered_call,1003,0.7853357055618331,0,2022-01-03,6,0.0768317454072039,76917.0,1,0,dte60,0.000441271554813
252,0.0003529465836991,time_value,0,2,1,2025-12-31,True,-0.0009172701742972,1405.5224000000162,development,event_stock,1003,0.560127473852868,0,2022-01-03,6,0.075708085389121,75796.0,1,0,dte60,0.0006303619439799
252,6.69871741163508e-05,time_value,0,11,1,2025-12-31,True,-0.0038055744,266.6461999998428,development,ordinary_covered_call,1003,0.0453268439429547,0,2022-01-03,6,0.3212308717809608,320945.0,21,0,dte60,0.0015027073232078
252,0.0002795322425965,time_value,0,11,1,2025-12-31,True,-0.0044097744,1113.046200000099,development,ordinary_stock,1003,0.1261814062526488,0,2022-01-03,6,0.3126674737830662,312423.0,21,0,dte60,0.0022347838950689
252,nan,time_value,0,17,1,2025-12-31,False,nan,nan,development,planned_covered_call,1003,nan,3,2022-01-03,6,nan,473215.0,17,0,dte60,nan
252,0.0014735128874734,time_value,0,17,1,2025-12-31,True,-0.0016746583521642,5877.704800000065,development,planned_stock,1003,0.7648852654967415,0,2022-01-03,6,0.4639854345681523,465492.0,17,0,dte60,0.0019274633110309
252,0.0004274870910678,time_value,0,6,1,2025-12-31,True,-0.0012038846378348,1702.550600000075,development,shifted_covered_call,1003,0.4935698612243008,0,2022-01-03,6,0.1763807566532156,176695.0,22,0,dte60,0.0008666885103584
252,0.0003612610684693,time_value,0,6,1,2025-12-31,True,-0.0023768886716927,1438.6506000001682,development,shifted_stock,1003,0.2637276499301709,0,2022-01-03,6,0.1718979442799878,172249.0,22,0,dte60,0.0013731515636437
252,0.000320373138744,time_value,0,2,2,2025-12-31,True,-0.0005831119892475,1275.7447999999858,development,event_covered_call,1003,0.7211199335356838,0,2022-01-03,7,0.0768377168735281,76917.0,1,0,dte60,0.0004443375313295
252,0.0003415323225963,time_value,0,2,2,2025-12-31,True,-0.0009173005338124,1360.044799999916,development,event_stock,1003,0.5415125378877192,0,2022-01-03,7,0.0757106904079857,75796.0,1,0,dte60,0.0006309606553786
252,-9.07643338060593e-05,time_value,0,11,2,2025-12-31,True,-0.0038886487999998,-361.2075999994995,development,ordinary_covered_call,1003,-0.0592523728374643,0,2022-01-03,7,0.3213349454127371,320945.0,21,0,dte60,0.001512605800557
252,0.0002324710894807,time_value,0,11,2,2025-12-31,True,-0.0044530487999999,925.592399999965,development,ordinary_stock,1003,0.1050263784330861,0,2022-01-03,7,0.312701723245848,312423.0,21,0,dte60,0.0022369996457803
252,nan,time_value,0,17,2,2025-12-31,False,nan,nan,development,planned_covered_call,1003,nan,3,2022-01-03,7,nan,473215.0,17,0,dte60,nan
252,0.0014036409935578,time_value,0,17,2,2025-12-31,True,-0.0017020584997213,5598.409599999897,development,planned_stock,1003,0.728445038466896,0,2022-01-03,7,0.464040100446777,465492.0,17,0,dte60,0.0019281037369027
252,0.0003438053871782,time_value,0,6,2,2025-12-31,True,-0.0013316661205124,1369.1012000002663,development,shifted_covered_call,1003,0.3938059686073515,0,2022-01-03,7,0.1764158711917759,176695.0,22,0,dte60,0.0008738516190339
252,0.0003353218513792,time_value,0,6,2,2025-12-31,True,-0.0024109450805709,1335.3011999999871,development,shifted_stock,1003,0.2446290730425371,0,2022-01-03,7,0.1719086385213849,172249.0,22,0,dte60,0.0013743643545356
252,0.000506805708351,any_itm,0,2,1,2025-12-31,True,-0.0003570333198162,2018.690999999992,development,event_covered_call,1003,1.317594934170873,0,2022-01-03,8,0.0770055007121905,77124.0,1,0,dte60,0.0003846035673987
252,0.0003529465836991,any_itm,0,2,1,2025-12-31,True,-0.0009172701742972,1405.5224000000162,development,event_stock,1003,0.560127473852868,0,2022-01-03,8,0.075708085389121,75796.0,1,0,dte60,0.0006303619439799
252,6.69871741163508e-05,any_itm,0,11,1,2025-12-31,True,-0.0038055744,266.6461999998428,development,ordinary_covered_call,1003,0.0453268439429547,0,2022-01-03,8,0.3212308717809608,320945.0,21,0,dte60,0.0015027073232078
252,0.0002795322425965,any_itm,0,11,1,2025-12-31,True,-0.0044097744,1113.046200000099,development,ordinary_stock,1003,0.1261814062526488,0,2022-01-03,8,0.3126674737830662,312423.0,21,0,dte60,0.0022347838950689
252,0.0013802109659342,any_itm,0,17,1,2025-12-31,True,-0.0011747508311068,5504.766999999643,development,planned_covered_call,1003,0.9661660796084156,1,2022-01-03,8,0.4708080368326131,472110.0,17,0,dte60,0.0014286183004072
252,0.0014735128874734,any_itm,0,17,1,2025-12-31,True,-0.0016746583521642,5877.704800000065,development,planned_stock,1003,0.7648852654967415,0,2022-01-03,8,0.4639854345681523,465492.0,17,0,dte60,0.0019274633110309
252,0.0004498505173746,any_itm,0,6,1,2025-12-31,True,-0.0012037776191715,1791.6770000000251,development,shifted_covered_call,1003,0.519010933619276,0,2022-01-03,8,0.1751681217698195,175495.0,22,0,dte60,0.0008672755551197
252,0.0003612610684693,any_itm,0,6,1,2025-12-31,True,-0.0023768886716927,1438.6506000001682,development,shifted_stock,1003,0.2637276499301709,0,2022-01-03,8,0.1718979442799878,172249.0,22,0,dte60,0.0013731515636437
252,0.0001664797946416,time_value,0,1,1,2025-12-31,True,-0.0001529222383689,662.7803999999305,development,event_covered_call,1003,0.8793843940434861,0,2022-01-03,9,0.0360256074218717,36046.0,2,0,otm3,0.0001893186827282
252,0.0002996231929022,time_value,0,1,1,2025-12-31,True,-0.0003097339681319,1193.080399999977,development,event_stock,1003,0.942340019690748,0,2022-01-03,9,0.034830538936964,34866.0,2,0,otm3,0.0003179627104687
252,-0.0002122434264719,time_value,0,12,1,2025-12-31,True,-0.0029042881801839,-844.4954000000143,development,ordinary_covered_call,1003,-0.1929158794611606,3,2022-01-03,9,0.3345086531946561,334372.0,20,0,otm3,0.0010971855472713
252,-0.0002228654662901,time_value,0,12,1,2025-12-31,True,-0.0045819753557518,-886.7454000002472,development,ordinary_stock,1003,-0.1290823865473885,0,2022-01-03,9,0.3229758195332817,322909.0,20,0,otm3,0.0017153404959723
252,0.0005735577361274,time_value,0,12,1,2025-12-31,True,-0.0022691607618554,2284.802599999937,development,planned_covered_call,1003,0.4776391766192845,1,2022-01-03,9,0.3242541853528194,324518.0,22,0,otm3,0.0012019861673562
252,0.0010661901425113,time_value,0,12,1,2025-12-31,True,-0.0036753957205605,4250.352599999867,development,planned_stock,1003,0.5404055839596061,0,2022-01-03,9,0.3081999772779581,308579.0,22,0,otm3,0.001975504861102
252,-0.0002661900276086,time_value,0,12,1,2025-12-31,True,-0.0033691618004291,-1059.05839999998,development,shifted_covered_call,1003,-0.2075224640432243,9,2022-01-03,9,0.3577939141047673,357567.0,16,0,otm3,0.0012789370418897
252,-0.0004208018838633,time_value,0,12,1,2025-12-31,True,-0.0056924507445144,-1673.808399999747,development,shifted_stock,1003,-0.2136437277987052,0,2022-01-03,9,0.3408098808348693,340514.0,16,0,otm3,0.0019610620953161
252,0.000146083174872,time_value,0,1,2,2025-12-31,True,-0.0001529265938892,581.5607999999775,development,event_covered_call,1003,0.7665142400949854,0,2022-01-03,10,0.036028092742591,36046.0,2,0,otm3,0.0001905909683098
252,0.0002943718709269,time_value,0,1,2,2025-12-31,True,-0.0003097370924302,1172.1607999999542,development,event_stock,1003,0.9254554125361112,0,2022-01-03,10,0.0348311595384652,34866.0,2,0,otm3,0.0003180912388599
252,-0.0004090245801643,time_value,0,12,2,2025-12-31,True,-0.0031607693656231,-1626.990799999563,development,ordinary_covered_call,1003,-0.3671173270597704,3,2022-01-03,10,0.3346414093352897,334372.0,20,0,otm3,0.0011126945542358
252,-0.000271579155237,time_value,0,12,2,2025-12-31,True,-0.0046585870837205,-1080.490800000029,development,ordinary_stock,1003,-0.1573723901532504,0,2022-01-03,10,0.3230075150502958,322909.0,20,0,otm3,0.0017165894850715
252,0.0003232246612547,time_value,0,12,2,2025-12-31,True,-0.0023982720608589,1287.1051999998745,development,planned_covered_call,1003,0.265097375654631,1,2022-01-03,10,0.3244144629395309,324518.0,22,0,otm3,0.0012218848293286
252,0.0010198168422819,time_value,0,12,2,2025-12-31,True,-0.0036961458263755,4065.205199999851,development,planned_stock,1003,0.5166896300431892,0,2022-01-03,10,0.3082286258510605,308579.0,22,0,otm3,0.0019765264172246
252,-0.0005359886756731,time_value,0,12,2,2025-12-31,True,-0.0038259422016783,-2131.61679999996,development,shifted_covered_call,1003,-0.4113825907049489,9,2022-01-03,10,0.3580291833541348,357567.0,16,0,otm3,0.0013011876857366
252,-0.0004722019705855,time_value,0,12,2,2025-12-31,True,-0.0057987508457387,-1878.1168000001928,development,shifted_stock,1003,-0.2397501058698126,0,2022-01-03,10,0.3408497033325346,340514.0,16,0,otm3,0.0019620001080488
252,0.0001664797946416,any_itm,0,1,1,2025-12-31,True,-0.0001529222383689,662.7803999999305,development,event_covered_call,1003,0.8793843940434861,0,2022-01-03,11,0.0360256074218717,36046.0,2,0,otm3,0.0001893186827282
252,0.0002996231929022,any_itm,0,1,1,2025-12-31,True,-0.0003097339681319,1193.080399999977,development,event_stock,1003,0.942340019690748,0,2022-01-03,11,0.034830538936964,34866.0,2,0,otm3,0.0003179627104687
252,-0.0002122434264719,any_itm,0,12,1,2025-12-31,True,-0.0029042881801839,-844.4954000000143,development,ordinary_covered_call,1003,-0.1929158794611606,3,2022-01-03,11,0.3345086531946561,334372.0,20,0,otm3,0.0010971855472713
252,-0.0002228654662901,any_itm,0,12,1,2025-12-31,True,-0.0045819753557518,-886.7454000002472,development,ordinary_stock,1003,-0.1290823865473885,0,2022-01-03,11,0.3229758195332817,322909.0,20,0,otm3,0.0017153404959723
252,0.0011905009581705,any_itm,0,12,1,2025-12-31,True,-0.0017384855593021,4746.794999999809,development,planned_covered_call,1003,0.9262661175286512,1,2022-01-03,11,0.3228161561882845,323624.0,22,0,otm3,0.0012853982408358
252,0.0010661901425113,any_itm,0,12,1,2025-12-31,True,-0.0036753957205605,4250.352599999867,development,planned_stock,1003,0.5404055839596061,0,2022-01-03,11,0.3081999772779581,308579.0,22,0,otm3,0.001975504861102
252,0.0001088711098227,any_itm,0,12,1,2025-12-31,True,-0.0029953452388433,433.3945999999996,development,shifted_covered_call,1003,0.0842214378272957,6,2022-01-03,11,0.3567448353275366,356967.0,16,0,otm3,0.0013026715601317
252,-0.0004208018838633,any_itm,0,12,1,2025-12-31,True,-0.0056924507445144,-1673.808399999747,development,shifted_stock,1003,-0.2136437277987052,0,2022-01-03,11,0.3408098808348693,340514.0,16,0,otm3,0.0019610620953161
252,4.004425459935845e-05,time_value,0,1,1,2025-12-31,True,-0.0006246816556066,159.39199999999255,development,event_covered_call,1003,0.0957681440666412,0,2022-01-03,12,0.0420604740045452,42065.0,2,0,otm10,0.0004190450778823
252,5.337101363678265e-05,time_value,0,1,1,2025-12-31,True,-0.0009183637937472,212.44200000003912,development,event_stock,1003,0.098187312012167,0,2022-01-03,12,0.0409241425748603,40930.0,2,0,otm10,0.0005450602568479
252,nan,time_value,0,8,1,2025-12-31,False,nan,nan,development,ordinary_covered_call,1003,nan,7,2022-01-03,12,nan,217768.0,24,0,otm10,nan
252,-0.000727390094067,time_value,0,8,1,2025-12-31,True,-0.0034858229111787,-2891.991600000183,development,ordinary_stock,1003,-0.4703155212791153,0,2022-01-03,12,0.215334685535679,214986.0,24,0,otm10,0.0015446262800143
252,0.0005322324412129,time_value,0,10,1,2025-12-31,True,-0.0027754091291529,2120.050199999707,development,planned_covered_call,1003,0.3752614452950102,1,2022-01-03,12,0.2805218336826029,280634.0,24,0,otm10,0.0014206084116822
252,0.0006919972513841,time_value,0,10,1,2025-12-31,True,-0.0036753957205605,2757.10019999987,development,planned_stock,1003,0.3662289619102686,0,2022-01-03,12,0.2722515852149101,272333.0,24,0,otm10,0.0018937616228015
252,5.456117675195493e-05,time_value,0,11,1,2025-12-31,True,-0.0040910615580463,217.17980000027453,development,shifted_covered_call,1003,0.031552874822947,3,2022-01-03,12,0.366227453750246,365924.0,17,0,otm10,0.0017792760075588
252,0.0003762372228446,time_value,0,11,1,2025-12-31,True,-0.0065225801168284,1498.3236000002362,development,shifted_stock,1003,0.1412740236003598,0,2022-01-03,12,0.3505780242581586,350294.0,17,0,otm10,0.0026882242424399
252,1.9291138384058822e-05,time_value,0,1,2,2025-12-31,True,-0.0006247074987053,76.7839999999851,development,event_covered_call,1003,0.0456713798331544,0,2022-01-03,13,0.0420628243766422,42065.0,2,0,otm10,0.0004243555582553
252,4.720183252282517e-05,time_value,0,1,2,2025-12-31,True,-0.000918375026325,187.88399999996184,development,event_stock,1003,0.0867758437084423,0,2022-01-03,13,0.040924822318082,40930.0,2,0,otm10,0.0005456524535246
252,nan,time_value,0,8,2,2025-12-31,False,nan,nan,development,ordinary_covered_call,1003,nan,7,2022-01-03,13,nan,217768.0,24,0,otm10,nan
252,-0.0007598706797175,time_value,0,8,2,2025-12-31,True,-0.0035317284273403,-3020.983199999784,development,ordinary_stock,1003,-0.4910751560263776,0,2022-01-03,13,0.2153521313975225,214986.0,24,0,otm10,0.0015455169953277
252,0.0003838355467835,time_value,0,10,2,2025-12-31,True,-0.002858772032954,1528.6004000002283,development,planned_covered_call,1003,0.2693692820601458,1,2022-01-03,13,0.2805973053463643,280634.0,24,0,otm10,0.0014284535870223
252,0.000651025709784,time_value,0,10,2,2025-12-31,True,-0.0036961458263755,2593.7003999999724,development,planned_stock,1003,0.3443563638769498,0,2022-01-03,13,0.2722730903690068,272333.0,24,0,otm10,0.0018951554486505
252,-0.000188020148482,time_value,0,11,2,2025-12-31,True,-0.0044552099999999,-748.1403999999166,development,shifted_covered_call,1003,-0.1058798541939011,3,2022-01-03,13,0.3663773791866767,365924.0,17,0,otm10,0.0017613163298801
252,0.0003234862077388,time_value,0,11,2,2025-12-31,True,-0.0066360848428149,1288.147199999774,development,shifted_stock,1003,0.1215576779489917,0,2022-01-03,13,0.3506102099530843,350294.0,17,0,otm10,0.0026904899443134
252,4.004425459935845e-05,any_itm,0,1,1,2025-12-31,True,-0.0006246816556066,159.39199999999255,development,event_covered_call,1003,0.0957681440666412,0,2022-01-03,14,0.0420604740045452,42065.0,2,0,otm10,0.0004190450778823
252,5.337101363678265e-05,any_itm,0,1,1,2025-12-31,True,-0.0009183637937472,212.44200000003912,development,event_stock,1003,0.098187312012167,0,2022-01-03,14,0.0409241425748603,40930.0,2,0,otm10,0.0005450602568479
252,nan,any_itm,0,8,1,2025-12-31,False,nan,nan,development,ordinary_covered_call,1003,nan,7,2022-01-03,14,nan,217768.0,24,0,otm10,nan
252,-0.000727390094067,any_itm,0,8,1,2025-12-31,True,-0.0034858229111787,-2891.991600000183,development,ordinary_stock,1003,-0.4703155212791153,0,2022-01-03,14,0.215334685535679,214986.0,24,0,otm10,0.0015446262800143
252,0.0005322324412129,any_itm,0,10,1,2025-12-31,True,-0.0027754091291529,2120.050199999707,development,planned_covered_call,1003,0.3752614452950102,1,2022-01-03,14,0.2805218336826029,280634.0,24,0,otm10,0.0014206084116822
252,0.0006919972513841,any_itm,0,10,1,2025-12-31,True,-0.0036753957205605,2757.10019999987,development,planned_stock,1003,0.3662289619102686,0,2022-01-03,14,0.2722515852149101,272333.0,24,0,otm10,0.0018937616228015
252,5.456117675195493e-05,any_itm,0,11,1,2025-12-31,True,-0.0040910615580463,217.17980000027453,development,shifted_covered_call,1003,0.031552874822947,3,2022-01-03,14,0.366227453750246,365924.0,17,0,otm10,0.0017792760075588
252,0.0003762372228446,any_itm,0,11,1,2025-12-31,True,-0.0065225801168284,1498.3236000002362,development,shifted_stock,1003,0.1412740236003598,0,2022-01-03,14,0.3505780242581586,350294.0,17,0,otm10,0.0026882242424399
252,0.0001571878636095,time_value,0,1,1,2025-12-31,True,-0.0001529267879213,625.7791999999899,development,event_covered_call,1003,0.8055218932919688,0,2022-01-03,15,0.0360087576389368,36028.0,2,0,delay1,0.0001951462548838
252,0.0002875736169494,time_value,0,1,1,2025-12-31,True,-0.0003097417096715,1145.0792000000365,development,event_stock,1003,0.9034226838198582,0,2022-01-03,15,0.0348339599791721,34868.0,2,0,delay1,0.000318326132622
252,5.739868061582776e-05,time_value,0,7,1,2025-12-31,True,-0.0010348759999999,228.47540000011213,development,ordinary_covered_call,1003,0.082567896096099,1,2022-01-03,15,0.1772069721108874,177203.0,25,0,delay1,0.0006980979507059
252,7.55350679488842e-05,time_value,0,7,1,2025-12-31,True,-0.0017769155999998,300.6754000002984,development,ordinary_stock,1003,0.0627608537240382,0,2022-01-03,15,0.1705533922239617,170541.0,25,0,delay1,0.0012152495831023
252,0.0003423917136919,time_value,0,11,1,2025-12-31,True,-0.0030587545086604,1363.468800000148,development,planned_covered_call,1003,0.2304382313656291,1,2022-01-03,15,0.3049951105655065,304942.0,23,0,delay1,0.0014903907966744
252,0.0005719189420698,time_value,0,11,1,2025-12-31,True,-0.0046556848791291,2278.2688000001945,development,planned_stock,1003,0.2694782774533631,0,2022-01-03,15,0.2921640610259257,292052.0,23,0,delay1,0.0021301268521202
252,1.365807178443923e-05,time_value,0,11,1,2025-12-31,True,-0.0038687950555772,54.36240000010002,development,shifted_covered_call,1003,0.0098063332184552,6,2022-01-03,15,0.3309043609222358,330792.0,17,0,delay1,0.0015087248054291
252,0.0009322071293351,time_value,0,11,1,2025-12-31,True,-0.0061968413195521,3715.489400000312,development,shifted_stock,1003,0.3939571247430245,0,2022-01-03,15,0.3131656852741241,313351.0,17,0,delay1,0.0023723021216514
252,0.0001370415214891,time_value,0,1,2,2025-12-31,True,-0.000152931107778,545.5584000000963,development,event_covered_call,1003,0.6772389149794188,0,2022-01-03,16,0.036011208531962,36028.0,2,0,delay1,0.0002023696830954
252,0.000282321805209,time_value,0,1,2,2025-12-31,True,-0.0003097448387684,1124.1583999999566,development,event_stock,1003,0.8856030648177216,0,2022-01-03,16,0.0348345799872074,34868.0,2,0,delay1,0.0003188029608539
252,-5.428594479128801e-05,time_value,0,7,2,2025-12-31,True,-0.0011457519999999,-216.0491999997757,development,ordinary_covered_call,1003,-0.0755952613234165,1,2022-01-03,16,0.1772395389431446,177203.0,25,0,delay1,0.0007147566279538
252,4.983119669965674e-05,time_value,0,7,2,2025-12-31,True,-0.0018348312000001,198.35079999978188,development,ordinary_stock,1003,0.0415758833881311,0,2022-01-03,16,0.1705608861202,170541.0,25,0,delay1,0.001216309025099
252,0.0001329928600497,time_value,0,11,2,2025-12-31,True,-0.0032080101652257,529.4376000001794,development,planned_covered_call,1003,0.0886114625067165,1,2022-01-03,16,0.3051226415479357,304942.0,23,0,delay1,0.0015136720044
252,0.00052796483448,time_value,0,11,2,2025-12-31,True,-0.0046813984612807,2103.0375999999237,development,planned_stock,1003,0.2486851713701426,0,2022-01-03,16,0.2921906380782823,292052.0,23,0,delay1,0.0021315947294332
252,-0.0002558097060115,time_value,0,11,2,2025-12-31,True,-0.0041450655881268,-1017.7751999998,development,shifted_covered_call,1003,-0.161638297679087,6,2022-01-03,16,0.3310604215204701,330792.0,17,0,delay1,0.0015751392740162
252,0.0008850978524024,time_value,0,11,2,2025-12-31,True,-0.0062627228900862,3527.478800000157,development,shifted_stock,1003,0.374256921275968,0,2022-01-03,16,0.3131937768313222,313351.0,17,0,delay1,0.0023714098102246
252,0.0001571878636095,any_itm,0,1,1,2025-12-31,True,-0.0001529267879213,625.7791999999899,development,event_covered_call,1003,0.8055218932919688,0,2022-01-03,17,0.0360087576389368,36028.0,2,0,delay1,0.0001951462548838
252,0.0002875736169494,any_itm,0,1,1,2025-12-31,True,-0.0003097417096715,1145.0792000000365,development,event_stock,1003,0.9034226838198582,0,2022-01-03,17,0.0348339599791721,34868.0,2,0,delay1,0.000318326132622
252,5.739868061582776e-05,any_itm,0,7,1,2025-12-31,True,-0.0010348759999999,228.47540000011213,development,ordinary_covered_call,1003,0.082567896096099,1,2022-01-03,17,0.1772069721108874,177203.0,25,0,delay1,0.0006980979507059
252,7.55350679488842e-05,any_itm,0,7,1,2025-12-31,True,-0.0017769155999998,300.6754000002984,development,ordinary_stock,1003,0.0627608537240382,0,2022-01-03,17,0.1705533922239617,170541.0,25,0,delay1,0.0012152495831023
252,0.0008408816760041,any_itm,0,11,1,2025-12-31,True,-0.0021974086872386,3351.0383999999613,development,planned_covered_call,1003,0.5575515450285513,1,2022-01-03,17,0.3047027777731388,305191.0,23,0,delay1,0.0015095786773219
252,0.0005719189420698,any_itm,0,11,1,2025-12-31,True,-0.0046556848791291,2278.2688000001945,development,planned_stock,1003,0.2694782774533631,0,2022-01-03,17,0.2921640610259257,292052.0,23,0,delay1,0.0021301268521202
252,0.0002632235741497,any_itm,0,11,1,2025-12-31,True,-0.0038674274820852,1048.0826000000816,development,shifted_covered_call,1003,0.1725564058030711,6,2022-01-03,17,0.3279292499892456,327971.0,17,0,delay1,0.0015320297057727
252,0.0009322071293351,any_itm,0,11,1,2025-12-31,True,-0.0061968413195521,3715.489400000312,development,shifted_stock,1003,0.3939571247430245,0,2022-01-03,17,0.3131656852741241,313351.0,17,0,delay1,0.0023723021216514
252,3.718945096320425e-07,time_value,0,1,1,2025-12-31,True,-0.0008904930257572,1.480199999990873,development,event_covered_call,1003,0.0008888818096523,0,2022-01-03,18,0.0418508903667483,41851.0,2,0,delay3,0.0006727161901449
252,3.785570147152306e-05,time_value,0,1,1,2025-12-31,True,-0.0011671562993599,150.68020000006072,development,event_stock,1003,0.041583069205565,0,2022-01-03,18,0.0405273481107989,40533.0,2,0,delay3,0.0009205256115072
252,0.0003927407116977,time_value,0,10,1,2025-12-31,True,-0.0018907692557397,1564.085400000331,development,ordinary_covered_call,1003,0.3741442630806511,1,2022-01-03,18,0.2733561872083728,273568.0,22,0,delay3,0.001050973434165
252,0.0008875928148237,time_value,0,10,1,2025-12-31,True,-0.0024689167289854,3537.435400000075,development,ordinary_stock,1003,0.5001638680920414,0,2022-01-03,18,0.2604174309782554,260941.0,22,0,delay3,0.0017769740266207
252,0.0005383749042078,time_value,0,11,1,2025-12-31,True,-0.0006571991097644,2144.537200000253,development,planned_covered_call,1003,0.651205438123217,2,2022-01-03,18,0.3118821668587893,311979.0,23,0,delay3,0.0008270389307869
252,0.0009750045813265,time_value,0,11,1,2025-12-31,True,-0.0009594998911583,3886.3146000002735,development,planned_stock,1003,0.7279971932188088,0,2022-01-03,18,0.300126025275751,300309.0,23,0,delay3,0.0013398789302566
252,nan,time_value,0,12,1,2025-12-31,False,nan,nan,development,shifted_covered_call,1003,nan,6,2022-01-03,18,nan,403420.0,16,0,delay3,nan
252,0.0007640116883989,time_value,0,12,1,2025-12-31,True,-0.0071721640855048,3044.3513999998104,development,shifted_stock,1003,0.2950870098564973,0,2022-01-03,18,0.3829971451330418,383581.0,16,0,delay3,0.002599560355178
252,-2.2622875464395346e-05,time_value,0,1,2,2025-12-31,True,-0.0008905319033037,-90.03960000001825,development,event_covered_call,1003,-0.0335105016212006,0,2022-01-03,19,0.0418544421648569,41851.0,2,0,delay3,0.0006684447823446
252,3.174607631240001e-05,time_value,0,1,2,2025-12-31,True,-0.0011671704485435,126.36040000000504,development,event_stock,1003,0.0350080806105672,0,2022-01-03,19,0.0405282623532418,40533.0,2,0,delay3,0.0009188544961964
252,0.000191689050734,time_value,0,10,2,2025-12-31,True,-0.0020828639451395,763.1707999998471,development,ordinary_covered_call,1003,0.1797853799127692,1,2022-01-03,19,0.2734555794176308,273568.0,22,0,delay3,0.0010692855926365
252,0.0008483581202576,time_value,0,10,2,2025-12-31,True,-0.0025151756487393,3380.8708000001498,development,ordinary_stock,1003,0.4780094379049318,0,2022-01-03,19,0.2604358553742942,260941.0,22,0,delay3,0.0017773247862661
252,0.0003416652472507,time_value,0,11,2,2025-12-31,True,-0.0007676819315215,1360.5744000000414,development,planned_covered_call,1003,0.4034748701770125,2,2022-01-03,19,0.3119723133846244,311979.0,23,0,delay3,0.0008475519843081
252,0.0009298619271507,time_value,0,11,2,2025-12-31,True,-0.0009935254425421,3706.12919999985,development,planned_stock,1003,0.6929177006658753,0,2022-01-03,19,0.3001487270926307,300309.0,23,0,delay3,0.0013426297466609
252,nan,time_value,0,12,2,2025-12-31,False,nan,nan,development,shifted_covered_call,1003,nan,6,2022-01-03,19,nan,403420.0,16,0,delay3,nan
252,0.0007063142147309,time_value,0,12,2,2025-12-31,True,-0.0072816751191862,2814.202800000203,development,shifted_stock,1003,0.27287301561421,0,2022-01-03,19,0.3830437800192789,383581.0,16,0,delay3,0.0025998984014007
252,3.718945096320425e-07,any_itm,0,1,1,2025-12-31,True,-0.0008904930257572,1.480199999990873,development,event_covered_call,1003,0.0008888818096523,0,2022-01-03,20,0.0418508903667483,41851.0,2,0,delay3,0.0006727161901449
252,3.785570147152306e-05,any_itm,0,1,1,2025-12-31,True,-0.0011671562993599,150.68020000006072,development,event_stock,1003,0.041583069205565,0,2022-01-03,20,0.0405273481107989,40533.0,2,0,delay3,0.0009205256115072
252,0.0003927407116977,any_itm,0,10,1,2025-12-31,True,-0.0018907692557397,1564.085400000331,development,ordinary_covered_call,1003,0.3741442630806511,1,2022-01-03,20,0.2733561872083728,273568.0,22,0,delay3,0.001050973434165
252,0.0008875928148237,any_itm,0,10,1,2025-12-31,True,-0.0024689167289854,3537.435400000075,development,ordinary_stock,1003,0.5001638680920414,0,2022-01-03,20,0.2604174309782554,260941.0,22,0,delay3,0.0017769740266207
252,0.0005383749042078,any_itm,0,11,1,2025-12-31,True,-0.0006571991097644,2144.537200000253,development,planned_covered_call,1003,0.651205438123217,2,2022-01-03,20,0.3118821668587893,311979.0,23,0,delay3,0.0008270389307869
252,0.0009750045813265,any_itm,0,11,1,2025-12-31,True,-0.0009594998911583,3886.3146000002735,development,planned_stock,1003,0.7279971932188088,0,2022-01-03,20,0.300126025275751,300309.0,23,0,delay3,0.0013398789302566
252,0.00037043280943,any_itm,0,12,1,2025-12-31,True,-0.0039832135835249,1475.1954000004334,development,shifted_covered_call,1003,0.2184201079796602,4,2022-01-03,20,0.4008930926013709,401622.0,16,0,delay3,0.0017022781816169
252,0.0007640116883989,any_itm,0,12,1,2025-12-31,True,-0.0071721640855048,3044.3513999998104,development,shifted_stock,1003,0.2950870098564973,0,2022-01-03,20,0.3829971451330418,383581.0,16,0,delay3,0.002599560355178
252,nan,time_value,0,0,1,2025-12-31,True,nan,nan,development,event_covered_call,1003,nan,0,2022-01-03,21,nan,0.0,3,0,delay5,nan
252,nan,time_value,0,0,1,2025-12-31,True,nan,nan,development,event_stock,1003,nan,0,2022-01-03,21,nan,0.0,3,0,delay5,nan
252,nan,time_value,0,11,1,2025-12-31,False,nan,nan,development,ordinary_covered_call,1003,nan,5,2022-01-03,21,nan,371670.0,21,0,delay5,nan
252,-0.0007452812771587,time_value,0,11,1,2025-12-31,True,-0.005847623093253,-2963.0451999998186,development,ordinary_stock,1003,-0.2741042411970194,0,2022-01-03,21,0.3601917047747232,359242.0,21,0,delay5,0.0027066395303778
252,nan,time_value,0,14,1,2025-12-31,False,nan,nan,development,planned_covered_call,1003,nan,11,2022-01-03,21,nan,364612.0,20,0,delay5,nan
252,0.0001913579464343,time_value,0,14,1,2025-12-31,True,-0.0024798624409717,761.852199999732,development,planned_stock,1003,0.119586416702305,0,2022-01-03,21,0.3521745480555327,351913.0,20,0,delay5,0.0016108492980177
252,-0.0007314928632673,time_value,0,9,1,2025-12-31,True,-0.0043594340611166,-2908.285800000187,development,shifted_covered_call,1003,-0.6562902460690366,2,2022-01-03,21,0.2685116642924142,268150.0,19,0,delay5,0.0011140488861595
252,-0.0012444006786516,time_value,0,9,1,2025-12-31,True,-0.0067242514543691,-4943.73580000014,development,shifted_stock,1003,-0.764694375582321,0,2022-01-03,21,0.2609897531375789,260393.0,19,0,delay5,0.0016265981717708
252,nan,time_value,0,0,2,2025-12-31,True,nan,nan,development,event_covered_call,1003,nan,0,2022-01-03,22,nan,0.0,3,0,delay5,nan
252,nan,time_value,0,0,2,2025-12-31,True,nan,nan,development,event_stock,1003,nan,0,2022-01-03,22,nan,0.0,3,0,delay5,nan
252,nan,time_value,0,11,2,2025-12-31,False,nan,nan,development,ordinary_covered_call,1003,nan,5,2022-01-03,22,nan,371670.0,21,0,delay5,nan
252,-0.0007995610558794,time_value,0,11,2,2025-12-31,True,-0.0059043479742292,-3178.5904000002192,development,ordinary_stock,1003,-0.2939749811408476,0,2022-01-03,22,0.3602348499891715,359242.0,21,0,delay5,0.0027084550911698
252,nan,time_value,0,14,2,2025-12-31,False,nan,nan,development,planned_covered_call,1003,nan,11,2022-01-03,22,nan,364612.0,20,0,delay5,nan
252,0.0001383339043721,time_value,0,14,2,2025-12-31,True,-0.0025727379234257,550.7044000002788,development,planned_stock,1003,0.0866037709099784,0,2022-01-03,22,0.3522104260621717,351913.0,20,0,delay5,0.0016121992141256
252,-0.0008714660325994,time_value,0,9,2,2025-12-31,True,-0.004715083173582,-3464.071600000141,development,shifted_covered_call,1003,-0.7749959613057755,2,2022-01-03,22,0.2685828364280717,268150.0,19,0,delay5,0.0011241518195024
252,-0.0012838025893596,time_value,0,9,2,2025-12-31,True,-0.0068305786061918,-5099.971599999932,development,shifted_stock,1003,-0.7881630197672004,0,2022-01-03,22,0.2610101941293017,260393.0,19,0,delay5,0.0016282157297241
252,nan,any_itm,0,0,1,2025-12-31,True,nan,nan,development,event_covered_call,1003,nan,0,2022-01-03,23,nan,0.0,3,0,delay5,nan
252,nan,any_itm,0,0,1,2025-12-31,True,nan,nan,development,event_stock,1003,nan,0,2022-01-03,23,nan,0.0,3,0,delay5,nan
252,nan,any_itm,0,11,1,2025-12-31,False,nan,nan,development,ordinary_covered_call,1003,nan,5,2022-01-03,23,nan,371670.0,21,0,delay5,nan
252,-0.0007452812771587,any_itm,0,11,1,2025-12-31,True,-0.005847623093253,-2963.0451999998186,development,ordinary_stock,1003,-0.2741042411970194,0,2022-01-03,23,0.3601917047747232,359242.0,21,0,delay5,0.0027066395303778
252,nan,any_itm,0,14,1,2025-12-31,False,nan,nan,development,planned_covered_call,1003,nan,11,2022-01-03,23,nan,364392.0,20,0,delay5,nan
252,0.0001913579464343,any_itm,0,14,1,2025-12-31,True,-0.0024798624409717,761.852199999732,development,planned_stock,1003,0.119586416702305,0,2022-01-03,23,0.3521745480555327,351913.0,20,0,delay5,0.0016108492980177
252,-0.0007314928632673,any_itm,0,9,1,2025-12-31,True,-0.0043594340611166,-2908.285800000187,development,shifted_covered_call,1003,-0.6562902460690366,2,2022-01-03,23,0.2685116642924142,268150.0,19,0,delay5,0.0011140488861595
252,-0.0012444006786516,any_itm,0,9,1,2025-12-31,True,-0.0067242514543691,-4943.73580000014,development,shifted_stock,1003,-0.764694375582321,0,2022-01-03,23,0.2609897531375789,260393.0,19,0,delay5,0.0016265981717708
