anchor_id,call_pnl,cost,dividend_accrual,entry_date,exit_date,funded_notional,issuer,net_pnl,net_return,pair_id,portfolio,reason,role,status,stock_pnl,ticker
5dc731655339eed9567e3cfc,,,,2022-03-28,,,0000060667,,,3b12fe3c80f3360a1962,event_covered_call,no_standard_call_within_rules,,unfilled,,LOW
eb5778a965e39ad6b1c26b05,-295.0,57.9696,0.0,2022-07-20,2022-08-18,16826.0,0000077476,861.0304000000014,0.051172613811957764,7de3d6011b95f0ee5884,event_covered_call,scheduled_exit,event,completed,1214.0000000000014,PEP
a14d6612b9226b005fb1f103,,,,2023-04-03,,,0000060667,,,97499234fd01544ff36a,event_covered_call,missing_decision_or_entry_bar,,unfilled,,LOW
5dc731655339eed9567e3cfc,,,,2022-03-28,,,0000060667,,,3b12fe3c80f3360a1962,event_stock,no_standard_call_within_rules,,unfilled,,LOW
eb5778a965e39ad6b1c26b05,0,20.9196,0.0,2022-07-20,2022-08-18,16826.0,0000077476,1193.0804000000012,0.07090695352430769,7de3d6011b95f0ee5884,event_stock,scheduled_exit,event,completed,1214.0000000000014,PEP
a14d6612b9226b005fb1f103,,,,2023-04-03,,,0000060667,,,97499234fd01544ff36a,event_stock,missing_decision_or_entry_bar,,unfilled,,LOW
3c74c7150df8afba21a30a5d,,,,2022-02-09,,,0000077476,,,16c81c58d308fe5dcb52,ordinary_covered_call,thin_prior_option_volume,,unfilled,,PEP
0afb80c1272f23aec205d9fe,,,,2022-02-28,,,0000077476,,,373fdc1993ca537a8825,ordinary_covered_call,no_standard_call_within_rules,,unfilled,,PEP
fd39e99e5a2196f3cb9114a4,,,,2022-02-28,,,0000077476,,,7de3d6011b95f0ee5884,ordinary_covered_call,no_standard_call_within_rules,,unfilled,,PEP
96d1dd84d5f9b024a54076da,,,,2022-03-01,,,0000032604,,,a11192823f8c1835f5ed,ordinary_covered_call,thin_prior_option_volume,,unfilled,,EMR
e1adb36068e80b35fd32c0d1,,,,2022-03-18,,,0000104169,,,7e4fad7f86a6f9f58dea,ordinary_covered_call,no_standard_call_within_rules,,unfilled,,WMT
fb30de9393f6c7c654c8b868,561.0,70.063,0.0,2022-06-01,2022-07-01,14002.000000000002,0000804328,-1158.063000000001,-0.08270697043279537,60189b3fa7073dbdc75d,ordinary_covered_call,scheduled_exit,ordinary,completed,-1649.000000000001,QCOM
53a023787e4aa4e4c56a968c,,,,2022-07-15,,,0000005272,,,46208461c0a794df4d4c,ordinary_covered_call,no_standard_call_within_rules,,unfilled,,AIG
05b1d41615d01bbcd2f71574,,,,2022-07-28,,,0000060667,,,97499234fd01544ff36a,ordinary_covered_call,thin_prior_option_volume,,unfilled,,LOW
2125ef03f1a50dfa7e89a5fe,-20.000000000000018,63.761199999999995,56.00000000000001,2022-07-25,2022-08-23,13202.000000000002,0000104169,170.23879999999895,0.012894925011361833,b5869711f52fb18c1c57,ordinary_covered_call,scheduled_exit,ordinary,completed,197.99999999999898,WMT
f6030793b783e7004652debf,,,,2022-08-26,,,0001075531,,,775d2dd510c8420414de,ordinary_covered_call,missing_decision_or_entry_bar,,unfilled,,BKNG
5bf05c1fe6ba3824fedebe01,,,,2022-08-30,,,0001090727,,,8dc77173e14d7a10d821,ordinary_covered_call,no_standard_call_within_rules,,unfilled,,UPS
641b41b9c98f93ee338dd871,,,,2022-09-02,,,0001090727,,,7d67ab177fe07bcd4329,ordinary_covered_call,no_standard_call_within_rules,,unfilled,,UPS
b37dd3267d134db0e90aca9c,,,,2023-04-11,,,0000097745,,,1501f081328dd0d40c99,ordinary_covered_call,missing_decision_or_entry_bar,,unfilled,,TMO
b3fd0ec33136f2b4cc6020df,,,,2023-05-01,,,0000882095,,,2cf6ce3b82abad57f742,ordinary_covered_call,no_standard_call_within_rules,,unfilled,,GILD
9304cc73deff4b0157e2eeec,,,,2023-05-08,,,0000077476,,,972a7e75fabe013b486f,ordinary_covered_call,no_standard_call_within_rules,,unfilled,,PEP
e15aea98140a49c4c475e856,,,,2023-09-06,,,0001090727,,,b2108fde0d70ba384006,ordinary_covered_call,no_standard_call_within_rules,,unfilled,,UPS
10808d7f1a4039ad9fac79a8,,,,2023-11-03,,,0000092122,,,41e928ac2606d8955c3b,ordinary_covered_call,no_standard_call_within_rules,,unfilled,,SO
ff37dc6fcefe324ba35ec2a4,,,,2024-01-17,,,0001090727,,,ac3750a839bfdd2a8042,ordinary_covered_call,no_standard_call_within_rules,,unfilled,,UPS
cd6a0254755bb577c7ec8190,128.00000000000003,48.9434,0.0,2024-01-04,2024-02-05,17147.0,0000077476,24.056599999998898,0.0014029626173674052,ed7c96da3bc71529780e,ordinary_covered_call,scheduled_exit,ordinary,completed,-55.00000000000114,PEP
3a262c032a5e3e1944fc7063,-169.0,50.5118,0.0,2024-03-01,2024-04-02,16459.0,0000077476,465.48819999999944,0.028281681754663068,ed2fc51dbe9fb6277664,ordinary_covered_call,scheduled_exit,ordinary,completed,684.9999999999994,PEP
0d1dbf9073c24381c4561b7c,-386.0000000000003,203.66740000000004,0.0,2024-04-23,2024-05-22,15227.000000000002,0000002488,735.3325999999997,0.04829136402443027,5ea29cac8bb770c490f7,ordinary_covered_call,scheduled_exit,ordinary,completed,1325.0,AMD
21ee71c6e92d898ad06f2f73,-485.99999999999994,62.59360000000001,0.0,2024-06-27,2024-07-29,6883.0,0000882095,341.40640000000064,0.0496013947406655,b821a77b80852ae34132,ordinary_covered_call,scheduled_exit,ordinary,completed,890.0000000000006,GILD
b0fe9e5665adf5b61acb3433,-351.0,82.7082,0.0,2024-09-09,2024-10-08,6980.0,0001543151,203.29180000000045,0.029124899713467114,12309da5ea75ee74aba1,ordinary_covered_call,scheduled_exit,ordinary,completed,637.0000000000005,UBER
698cd0327e30526a0549aa46,,,,2024-10-08,,,0000018230,,,4967bc009dd5f09e4905,ordinary_covered_call,thin_prior_option_volume,,unfilled,,CAT
e2fc7f925f5f78e509565560,-53.999999999999915,143.1976,0.0,2024-09-12,2024-10-11,16498.0,0000804328,302.80240000000015,0.018353885319432668,aa5f6fb26a0a41d57af6,ordinary_covered_call,scheduled_exit,ordinary,completed,500.0,QCOM
8fbf0d854c049a47fbd098b8,,,,2024-11-01,,,0000315189,,,6ea6e0dc038ce4bbb7b1,ordinary_covered_call,no_standard_call_within_rules,,unfilled,,DE
8e571290ab7a3e40cbad6aeb,,,,2024-12-03,,,0001090727,,,80043dbfcd3c7e08fe4a,ordinary_covered_call,issuer_position_already_open,,unfilled,,UPS
4b9f933f78ff735fcae8ab27,230.00000000000003,39.51,0.0,2024-12-03,2025-01-03,12971.0,0001090727,-401.5100000000002,-0.030954436820599816,a7ab53db719fd8888185,ordinary_covered_call,scheduled_exit,ordinary,completed,-592.0000000000002,UPS
e0e2ebdc47ac13001e547be4,,,,2025-02-05,,,0001075531,,,a3ce735a59b4e9150d06,ordinary_covered_call,missing_decision_or_entry_bar,,unfilled,,BKNG
feb5081786b8e101d6e80596,,,,2025-02-20,,,0001613103,,,c235f8f7fffabe6a962f,ordinary_covered_call,no_standard_call_within_rules,,unfilled,,MDT
be52ddf5bc0df31456d8217b,,,,2025-03-06,,,0000077476,,,c4694fdcb9faaf3b1f30,ordinary_covered_call,no_standard_call_within_rules,,unfilled,,PEP
a8268932112078c4d55c670e,,,,2025-06-24,,,0000034088,,,afb4b402c43e494ece0f,ordinary_covered_call,no_standard_call_within_rules,,unfilled,,XOM
3c74c7150df8afba21a30a5d,,,,2022-02-09,,,0000077476,,,16c81c58d308fe5dcb52,ordinary_stock,thin_prior_option_volume,,unfilled,,PEP
0afb80c1272f23aec205d9fe,,,,2022-02-28,,,0000077476,,,373fdc1993ca537a8825,ordinary_stock,no_standard_call_within_rules,,unfilled,,PEP
fd39e99e5a2196f3cb9114a4,,,,2022-02-28,,,0000077476,,,7de3d6011b95f0ee5884,ordinary_stock,no_standard_call_within_rules,,unfilled,,PEP
96d1dd84d5f9b024a54076da,,,,2022-03-01,,,0000032604,,,a11192823f8c1835f5ed,ordinary_stock,thin_prior_option_volume,,unfilled,,EMR
e1adb36068e80b35fd32c0d1,,,,2022-03-18,,,0000104169,,,7e4fad7f86a6f9f58dea,ordinary_stock,no_standard_call_within_rules,,unfilled,,WMT
fb30de9393f6c7c654c8b868,0,15.813,0.0,2022-06-01,2022-07-01,14002.000000000002,0000804328,-1664.813000000001,-0.11889822882445371,60189b3fa7073dbdc75d,ordinary_stock,scheduled_exit,ordinary,completed,-1649.000000000001,QCOM
53a023787e4aa4e4c56a968c,,,,2022-07-15,,,0000005272,,,46208461c0a794df4d4c,ordinary_stock,no_standard_call_within_rules,,unfilled,,AIG
05b1d41615d01bbcd2f71574,,,,2022-07-28,,,0000060667,,,97499234fd01544ff36a,ordinary_stock,thin_prior_option_volume,,unfilled,,LOW
2125ef03f1a50dfa7e89a5fe,0,15.9612,56.00000000000001,2022-07-25,2022-08-23,13202.000000000002,0000104169,238.038799999999,0.018030510528707692,b5869711f52fb18c1c57,ordinary_stock,scheduled_exit,ordinary,completed,197.99999999999898,WMT
f6030793b783e7004652debf,,,,2022-08-26,,,0001075531,,,775d2dd510c8420414de,ordinary_stock,missing_decision_or_entry_bar,,unfilled,,BKNG
5bf05c1fe6ba3824fedebe01,,,,2022-08-30,,,0001090727,,,8dc77173e14d7a10d821,ordinary_stock,no_standard_call_within_rules,,unfilled,,UPS
641b41b9c98f93ee338dd871,,,,2022-09-02,,,0001090727,,,7d67ab177fe07bcd4329,ordinary_stock,no_standard_call_within_rules,,unfilled,,UPS
b37dd3267d134db0e90aca9c,,,,2023-04-11,,,0000097745,,,1501f081328dd0d40c99,ordinary_stock,missing_decision_or_entry_bar,,unfilled,,TMO
b3fd0ec33136f2b4cc6020df,,,,2023-05-01,,,0000882095,,,2cf6ce3b82abad57f742,ordinary_stock,no_standard_call_within_rules,,unfilled,,GILD
9304cc73deff4b0157e2eeec,,,,2023-05-08,,,0000077476,,,972a7e75fabe013b486f,ordinary_stock,no_standard_call_within_rules,,unfilled,,PEP
e15aea98140a49c4c475e856,,,,2023-09-06,,,0001090727,,,b2108fde0d70ba384006,ordinary_stock,no_standard_call_within_rules,,unfilled,,UPS
10808d7f1a4039ad9fac79a8,,,,2023-11-03,,,0000092122,,,41e928ac2606d8955c3b,ordinary_stock,no_standard_call_within_rules,,unfilled,,SO
ff37dc6fcefe324ba35ec2a4,,,,2024-01-17,,,0001090727,,,ac3750a839bfdd2a8042,ordinary_stock,no_standard_call_within_rules,,unfilled,,UPS
cd6a0254755bb577c7ec8190,0,20.5434,0.0,2024-01-04,2024-02-05,17147.0,0000077476,-75.54340000000114,-0.00440563363853742,ed7c96da3bc71529780e,ordinary_stock,scheduled_exit,ordinary,completed,-55.00000000000114,PEP
3a262c032a5e3e1944fc7063,0,20.1618,0.0,2024-03-01,2024-04-02,16459.0,0000077476,664.8381999999995,0.04039359620876113,ed2fc51dbe9fb6277664,ordinary_stock,scheduled_exit,ordinary,completed,684.9999999999994,PEP
0d1dbf9073c24381c4561b7c,0,19.0674,0.0,2024-04-23,2024-05-22,15227.000000000002,0000002488,1305.9326,0.08576427398699678,5ea29cac8bb770c490f7,ordinary_stock,scheduled_exit,ordinary,completed,1325.0,AMD
21ee71c6e92d898ad06f2f73,0,8.793599999999998,0.0,2024-06-27,2024-07-29,6883.0,0000882095,881.2064000000005,0.12802650007264282,b821a77b80852ae34132,ordinary_stock,scheduled_exit,ordinary,completed,890.0000000000006,GILD
b0fe9e5665adf5b61acb3433,0,8.758199999999999,0.0,2024-09-09,2024-10-08,6980.0,0001543151,628.2418000000005,0.09000598853868201,12309da5ea75ee74aba1,ordinary_stock,scheduled_exit,ordinary,completed,637.0000000000005,UBER
698cd0327e30526a0549aa46,,,,2024-10-08,,,0000018230,,,4967bc009dd5f09e4905,ordinary_stock,thin_prior_option_volume,,unfilled,,CAT
e2fc7f925f5f78e509565560,0,20.0976,0.0,2024-09-12,2024-10-11,16498.0,0000804328,479.9024,0.029088519820584312,aa5f6fb26a0a41d57af6,ordinary_stock,scheduled_exit,ordinary,completed,500.0,QCOM
8fbf0d854c049a47fbd098b8,,,,2024-11-01,,,0000315189,,,6ea6e0dc038ce4bbb7b1,ordinary_stock,no_standard_call_within_rules,,unfilled,,DE
8e571290ab7a3e40cbad6aeb,,,,2024-12-03,,,0001090727,,,80043dbfcd3c7e08fe4a,ordinary_stock,issuer_position_already_open,,unfilled,,UPS
4b9f933f78ff735fcae8ab27,0,15.209999999999999,0.0,2024-12-03,2025-01-03,12971.0,0001090727,-607.2100000000003,-0.046812890293732194,a7ab53db719fd8888185,ordinary_stock,scheduled_exit,ordinary,completed,-592.0000000000002,UPS
e0e2ebdc47ac13001e547be4,,,,2025-02-05,,,0001075531,,,a3ce735a59b4e9150d06,ordinary_stock,missing_decision_or_entry_bar,,unfilled,,BKNG
feb5081786b8e101d6e80596,,,,2025-02-20,,,0001613103,,,c235f8f7fffabe6a962f,ordinary_stock,no_standard_call_within_rules,,unfilled,,MDT
be52ddf5bc0df31456d8217b,,,,2025-03-06,,,0000077476,,,c4694fdcb9faaf3b1f30,ordinary_stock,no_standard_call_within_rules,,unfilled,,PEP
a8268932112078c4d55c670e,,,,2025-06-24,,,0000034088,,,afb4b402c43e494ece0f,ordinary_stock,no_standard_call_within_rules,,unfilled,,XOM
5db3df9e79bfbf5009fb020e,184.99999999999997,111.98,75.0,2022-05-11,2022-06-10,13230.000000000002,0000804328,238.0199999999977,0.017990929705215243,e868ebecb6b1ef68bd06,planned_covered_call,scheduled_exit,planned,completed,89.99999999999773,QCOM
5e267744c6a9a17b7e8c498a,,,,2022-06-10,,,0000002488,,,a1d873c96e4b9bed90ae,planned_covered_call,no_standard_call_within_rules,,unfilled,,AMD
e4dd06c53f928b94987d2e5a,565.0,84.8762,0.0,2022-06-03,2022-07-06,21265.0,0001403161,-672.8762,-0.03164242652245474,25e4a85a4f1ac28faf7f,planned_covered_call,scheduled_exit,planned,completed,-1153.0,V
04e3ccf3d2052c7465330237,,,,2022-07-26,,,0000077476,,,16c81c58d308fe5dcb52,planned_covered_call,thin_prior_option_volume,,unfilled,,PEP
0c886148b5deb7081a148125,-295.0,57.9696,0.0,2022-07-20,2022-08-18,16826.0,0000077476,861.0304000000014,0.051172613811957764,373fdc1993ca537a8825,planned_covered_call,scheduled_exit,planned,completed,1214.0000000000014,PEP
0900559d3f90fee06bd1fe05,123.0,50.733399999999996,0.0,2022-09-13,2022-10-12,13522.0,0000104169,-332.73340000000115,-0.0246068185179708,7e4fad7f86a6f9f58dea,planned_covered_call,scheduled_exit,planned,completed,-405.00000000000114,WMT
393e89dd63eccb8457a8a98c,,,,2022-11-02,,,0000032604,,,a11192823f8c1835f5ed,planned_covered_call,missing_decision_or_entry_bar,,unfilled,,EMR
a20729d62397caa2f4ff7b34,,,,2022-11-11,,,0000804328,,,60189b3fa7073dbdc75d,planned_covered_call,no_standard_call_within_rules,,unfilled,,QCOM
c87d39f5c51455f1f5bcede1,,,,2023-03-09,,,0001090727,,,8dc77173e14d7a10d821,planned_covered_call,thin_prior_option_volume,,unfilled,,UPS
47296eba7341f70c414e6b02,,,,2023-03-27,,,0000005272,,,46208461c0a794df4d4c,planned_covered_call,thin_prior_option_volume,,unfilled,,AIG
1f81e23e4e9c15808efccff1,-210.00000000000006,111.2502,0.0,2023-03-01,2023-03-30,18308.0,0001090727,479.749799999999,0.026204380598645348,7d67ab177fe07bcd4329,planned_covered_call,scheduled_exit,planned,completed,800.9999999999991,UPS
817baf75a3ac39712e1a263f,,,,2023-04-19,,,0000104169,,,b5869711f52fb18c1c57,planned_covered_call,no_standard_call_within_rules,,unfilled,,WMT
015d5fe037b8aa0e1e284e81,,,,2023-05-16,,,0001075531,,,775d2dd510c8420414de,planned_covered_call,missing_decision_or_entry_bar,,unfilled,,BKNG
173ef2b1da249c68dba87aa2,,,,2023-08-10,,,0000097745,,,1501f081328dd0d40c99,planned_covered_call,thin_prior_option_volume,,unfilled,,TMO
076eb8e4d22b0591c9859844,-231.0,42.416,0.0,2023-09-18,2023-10-17,7562.0,0000882095,212.58399999999995,0.028112139645596397,2cf6ce3b82abad57f742,planned_covered_call,scheduled_exit,planned,completed,485.99999999999994,GILD
7d5ace9f679ba99959a8738f,25.0,62.60499999999999,126.49999999999999,2023-11-15,2023-12-15,16725.0,0000077476,63.894999999999996,0.0038203288490284005,972a7e75fabe013b486f,planned_covered_call,scheduled_exit,planned,completed,-25.0,PEP
8e9844a07289a6b7c0a004b7,,,,2024-05-08,,,0000092122,,,41e928ac2606d8955c3b,planned_covered_call,no_standard_call_within_rules,,unfilled,,SO
fd1cb615623d001dbfb3a838,,,,2024-05-24,,,0001090727,,,ac3750a839bfdd2a8042,planned_covered_call,thin_prior_option_volume,,unfilled,,UPS
5ff12a48827d7431c85c1308,159.99999999999997,70.6686,0.0,2024-05-30,2024-07-01,13686.000000000002,0001090727,-1.6686000000025203,-0.00012192021043420431,b2108fde0d70ba384006,planned_covered_call,scheduled_exit,planned,completed,-91.0000000000025,UPS
e6aaf63345951afaf6f9b14e,-13.99999999999999,41.4908,0.0,2024-07-19,2024-08-19,16936.0,0000077476,390.509199999998,0.023057935758148202,ed7c96da3bc71529780e,planned_covered_call,scheduled_exit,planned,completed,445.99999999999795,PEP
1bd493a568496de23f65de4e,,,,2024-11-22,,,0000882095,,,b821a77b80852ae34132,planned_covered_call,thin_prior_option_volume,,unfilled,,GILD
9dd3eac83876ab57dbc6801c,,,,2025-02-11,,,0000077476,,,ed2fc51dbe9fb6277664,planned_covered_call,no_standard_call_within_rules,,unfilled,,PEP
679e33a620baed74f18bf5d9,,,,2025-03-14,,,0000002488,,,5ea29cac8bb770c490f7,planned_covered_call,no_standard_call_within_rules,,unfilled,,AMD
56ab89a92b1588d0b064631b,,,,2025-05-19,,,0000018230,,,4967bc009dd5f09e4905,planned_covered_call,missing_decision_or_entry_bar,,unfilled,,CAT
93d103b3d8218a3fd28f149a,,,,2025-05-22,,,0001090727,,,80043dbfcd3c7e08fe4a,planned_covered_call,issuer_position_already_open,,unfilled,,UPS
54317eac2712538cd998c408,,,,2025-05-27,,,0000804328,,,aa5f6fb26a0a41d57af6,planned_covered_call,no_standard_call_within_rules,,unfilled,,QCOM
d569dd14d34e7b607a4e5813,123.0,57.7082,23.5,2025-04-30,2025-05-30,9725.0,0000104169,235.7917999999999,0.024245943444730068,cba3d4f10602db37278d,planned_covered_call,scheduled_exit,planned,completed,146.9999999999999,WMT
b921c6b92d8469bb092d303c,,,,2025-06-10,,,0001543151,,,12309da5ea75ee74aba1,planned_covered_call,no_standard_call_within_rules,,unfilled,,UBER
71dbf6f4c5f16365597a3b8d,64.99999999999994,58.609399999999994,164.0,2025-05-16,2025-06-17,10132.0,0001090727,5.3906000000007985,0.0005320371101461506,a7ab53db719fd8888185,planned_covered_call,scheduled_exit,planned,completed,-164.99999999999915,UPS
d6cdc6bad0e861bda7b7d303,-144.99999999999994,77.44039999999998,0.0,2025-07-30,2025-08-28,14286.000000000002,0000077476,189.5595999999977,0.013268906621867398,c4694fdcb9faaf3b1f30,planned_covered_call,scheduled_exit,planned,completed,411.9999999999976,PEP
f05006a6f296384b1199ff7e,,,,2025-10-13,,,0000315189,,,6ea6e0dc038ce4bbb7b1,planned_covered_call,thin_prior_option_volume,,unfilled,,DE
32303cd695fbdcfd986893d3,17.99999999999997,35.8822,71.0,2025-09-18,2025-10-17,9559.0,0001613103,72.11779999999973,0.0075444921016842486,c235f8f7fffabe6a962f,planned_covered_call,scheduled_exit,planned,completed,18.999999999999773,MDT
159ef19113dcce4da575218e,,,,2025-11-11,,,0001075531,,,a3ce735a59b4e9150d06,planned_covered_call,missing_decision_or_entry_bar,,unfilled,,BKNG
34d83256a7b62fa78ab6ee2d,110.00000000000001,42.4054,0.0,2025-11-17,2025-12-17,11768.0,0000034088,40.59459999999899,0.0034495751189666034,afb4b402c43e494ece0f,planned_covered_call,scheduled_exit,planned,completed,-27.000000000001023,XOM
5db3df9e79bfbf5009fb020e,0,15.93,75.0,2022-05-11,2022-06-10,13230.000000000002,0000804328,149.06999999999775,0.011267573696144954,e868ebecb6b1ef68bd06,planned_stock,scheduled_exit,planned,completed,89.99999999999773,QCOM
5e267744c6a9a17b7e8c498a,,,,2022-06-10,,,0000002488,,,a1d873c96e4b9bed90ae,planned_stock,no_standard_call_within_rules,,unfilled,,AMD
e4dd06c53f928b94987d2e5a,0,24.8262,0.0,2022-06-03,2022-07-06,21265.0,0001403161,-1177.8262,-0.05538801786973901,25e4a85a4f1ac28faf7f,planned_stock,scheduled_exit,planned,completed,-1153.0,V
04e3ccf3d2052c7465330237,,,,2022-07-26,,,0000077476,,,16c81c58d308fe5dcb52,planned_stock,thin_prior_option_volume,,unfilled,,PEP
0c886148b5deb7081a148125,0,20.9196,0.0,2022-07-20,2022-08-18,16826.0,0000077476,1193.0804000000012,0.07090695352430769,373fdc1993ca537a8825,planned_stock,scheduled_exit,planned,completed,1214.0000000000014,PEP
0900559d3f90fee06bd1fe05,0,15.983399999999996,0.0,2022-09-13,2022-10-12,13522.0,0000104169,-420.98340000000115,-0.031133219937879097,7e4fad7f86a6f9f58dea,planned_stock,scheduled_exit,planned,completed,-405.00000000000114,WMT
393e89dd63eccb8457a8a98c,,,,2022-11-02,,,0000032604,,,a11192823f8c1835f5ed,planned_stock,missing_decision_or_entry_bar,,unfilled,,EMR
a20729d62397caa2f4ff7b34,,,,2022-11-11,,,0000804328,,,60189b3fa7073dbdc75d,planned_stock,no_standard_call_within_rules,,unfilled,,QCOM
c87d39f5c51455f1f5bcede1,,,,2023-03-09,,,0001090727,,,8dc77173e14d7a10d821,planned_stock,thin_prior_option_volume,,unfilled,,UPS
47296eba7341f70c414e6b02,,,,2023-03-27,,,0000005272,,,46208461c0a794df4d4c,planned_stock,thin_prior_option_volume,,unfilled,,AIG
1f81e23e4e9c15808efccff1,0,22.4502,0.0,2023-03-01,2023-03-30,18308.0,0001090727,778.5497999999991,0.04252511470395451,7d67ab177fe07bcd4329,planned_stock,scheduled_exit,planned,completed,800.9999999999991,UPS
817baf75a3ac39712e1a263f,,,,2023-04-19,,,0000104169,,,b5869711f52fb18c1c57,planned_stock,no_standard_call_within_rules,,unfilled,,WMT
015d5fe037b8aa0e1e284e81,,,,2023-05-16,,,0001075531,,,775d2dd510c8420414de,planned_stock,missing_decision_or_entry_bar,,unfilled,,BKNG
173ef2b1da249c68dba87aa2,,,,2023-08-10,,,0000097745,,,1501f081328dd0d40c99,planned_stock,thin_prior_option_volume,,unfilled,,TMO
076eb8e4d22b0591c9859844,0,9.366,0.0,2023-09-18,2023-10-17,7562.0,0000882095,476.63399999999996,0.06303015075376883,2cf6ce3b82abad57f742,planned_stock,scheduled_exit,planned,completed,485.99999999999994,GILD
7d5ace9f679ba99959a8738f,0,20.055,126.49999999999999,2023-11-15,2023-12-15,16725.0,0000077476,81.445,0.00486965620328849,972a7e75fabe013b486f,planned_stock,scheduled_exit,planned,completed,-25.0,PEP
8e9844a07289a6b7c0a004b7,,,,2024-05-08,,,0000092122,,,41e928ac2606d8955c3b,planned_stock,no_standard_call_within_rules,,unfilled,,SO
fd1cb615623d001dbfb3a838,,,,2024-05-24,,,0001090727,,,ac3750a839bfdd2a8042,planned_stock,thin_prior_option_volume,,unfilled,,UPS
5ff12a48827d7431c85c1308,0,16.3686,0.0,2024-05-30,2024-07-01,13686.000000000002,0001090727,-107.3686000000025,-0.007845141020020641,b2108fde0d70ba384006,planned_stock,scheduled_exit,planned,completed,-91.0000000000025,UPS
e6aaf63345951afaf6f9b14e,0,20.5908,0.0,2024-07-19,2024-08-19,16936.0,0000077476,425.40919999999795,0.025118634860651745,ed7c96da3bc71529780e,planned_stock,scheduled_exit,planned,completed,445.99999999999795,PEP
1bd493a568496de23f65de4e,,,,2024-11-22,,,0000882095,,,b821a77b80852ae34132,planned_stock,thin_prior_option_volume,,unfilled,,GILD
9dd3eac83876ab57dbc6801c,,,,2025-02-11,,,0000077476,,,ed2fc51dbe9fb6277664,planned_stock,no_standard_call_within_rules,,unfilled,,PEP
679e33a620baed74f18bf5d9,,,,2025-03-14,,,0000002488,,,5ea29cac8bb770c490f7,planned_stock,no_standard_call_within_rules,,unfilled,,AMD
56ab89a92b1588d0b064631b,,,,2025-05-19,,,0000018230,,,4967bc009dd5f09e4905,planned_stock,missing_decision_or_entry_bar,,unfilled,,CAT
93d103b3d8218a3fd28f149a,,,,2025-05-22,,,0001090727,,,80043dbfcd3c7e08fe4a,planned_stock,issuer_position_already_open,,unfilled,,UPS
54317eac2712538cd998c408,,,,2025-05-27,,,0000804328,,,aa5f6fb26a0a41d57af6,planned_stock,no_standard_call_within_rules,,unfilled,,QCOM
d569dd14d34e7b607a4e5813,0,11.758199999999999,23.5,2025-04-30,2025-05-30,9725.0,0000104169,158.74179999999987,0.016323064267352173,cba3d4f10602db37278d,planned_stock,scheduled_exit,planned,completed,146.9999999999999,WMT
b921c6b92d8469bb092d303c,,,,2025-06-10,,,0001543151,,,12309da5ea75ee74aba1,planned_stock,no_standard_call_within_rules,,unfilled,,UBER
71dbf6f4c5f16365597a3b8d,0,12.059399999999998,164.0,2025-05-16,2025-06-17,10132.0,0001090727,-13.059399999999146,-0.00128892617449656,a7ab53db719fd8888185,planned_stock,scheduled_exit,planned,completed,-164.99999999999915,UPS
d6cdc6bad0e861bda7b7d303,0,17.3904,0.0,2025-07-30,2025-08-28,14286.000000000002,0000077476,394.6095999999976,0.02762211955760868,c4694fdcb9faaf3b1f30,planned_stock,scheduled_exit,planned,completed,411.9999999999976,PEP
f05006a6f296384b1199ff7e,,,,2025-10-13,,,0000315189,,,6ea6e0dc038ce4bbb7b1,planned_stock,thin_prior_option_volume,,unfilled,,DE
32303cd695fbdcfd986893d3,0,11.482199999999999,71.0,2025-09-18,2025-10-17,9559.0,0001613103,78.51779999999978,0.00821401820274085,c235f8f7fffabe6a962f,planned_stock,scheduled_exit,planned,completed,18.999999999999773,MDT
159ef19113dcce4da575218e,,,,2025-11-11,,,0001075531,,,a3ce735a59b4e9150d06,planned_stock,missing_decision_or_entry_bar,,unfilled,,BKNG
34d83256a7b62fa78ab6ee2d,0,14.1054,0.0,2025-11-17,2025-12-17,11768.0,0000034088,-41.105400000001026,-0.003492980965329795,afb4b402c43e494ece0f,planned_stock,scheduled_exit,planned,completed,-27.000000000001023,XOM
9e659d3b65adb6d5b416cde9,-480.0,84.03819999999999,56.00000000000001,2022-02-16,2022-03-18,13353.0,0000104169,682.9617999999996,0.05114669362690029,7e4fad7f86a6f9f58dea,shifted_covered_call,scheduled_exit,shifted,completed,1190.9999999999995,WMT
9074e54a9f0f7d474fec9baa,,,,2022-05-02,,,0000804328,,,60189b3fa7073dbdc75d,shifted_covered_call,no_standard_call_within_rules,,unfilled,,QCOM
904b771aae6ea8b061045851,,,,2022-06-14,,,0000005272,,,46208461c0a794df4d4c,shifted_covered_call,no_standard_call_within_rules,,unfilled,,AIG
a4029c9b484ab6ade9b6e075,,,,2022-06-23,,,0000104169,,,b5869711f52fb18c1c57,shifted_covered_call,no_standard_call_within_rules,,unfilled,,WMT
ad08b19b56400beb1c6f07ac,,,,2022-06-28,,,0000060667,,,97499234fd01544ff36a,shifted_covered_call,thin_prior_option_volume,,unfilled,,LOW
67e3465ed3cf1ad34f35e8eb,,,,2022-07-28,,,0001075531,,,775d2dd510c8420414de,shifted_covered_call,missing_decision_or_entry_bar,,unfilled,,BKNG
cff5b0ec1acdfea86b7f4c5e,,,,2022-08-01,,,0001090727,,,8dc77173e14d7a10d821,shifted_covered_call,no_standard_call_within_rules,,unfilled,,UPS
1b9fe0d93e4939e6835ef0bd,,,,2022-08-04,,,0001090727,,,7d67ab177fe07bcd4329,shifted_covered_call,no_standard_call_within_rules,,unfilled,,UPS
57c61f3279bb74dca7d3e61c,,,,2023-03-10,,,0000097745,,,1501f081328dd0d40c99,shifted_covered_call,thin_prior_option_volume,,unfilled,,TMO
6633e1d47744aa7fa015e319,,,,2023-03-30,,,0000882095,,,2cf6ce3b82abad57f742,shifted_covered_call,thin_prior_option_volume,,unfilled,,GILD
3cab11d6a1c8b5ff7332ba14,,,,2023-04-06,,,0000077476,,,972a7e75fabe013b486f,shifted_covered_call,no_standard_call_within_rules,,unfilled,,PEP
768190ac67bfcd9cfcfafbf3,660.0,59.067600000000006,162.0,2023-08-07,2023-09-06,18215.0,0001090727,-1221.0676000000003,-0.06703637661268187,b2108fde0d70ba384006,shifted_covered_call,scheduled_exit,shifted,completed,-1984.0000000000005,UPS
722f2aa7c0076400124f3b07,-218.00000000000003,41.2988,0.0,2023-10-05,2023-11-03,6459.0,0000092122,320.7011999999998,0.04965183464932649,41e928ac2606d8955c3b,shifted_covered_call,scheduled_exit,shifted,completed,579.9999999999998,SO
0a4585be966ad30f98894959,,,,2023-12-04,,,0000077476,,,ed7c96da3bc71529780e,shifted_covered_call,no_standard_call_within_rules,,unfilled,,PEP
9bf877ec8c1d750212f62ec6,446.0,75.1152,0.0,2023-12-14,2024-01-17,16236.000000000002,0001090727,-409.11520000000115,-0.025198029071199873,ac3750a839bfdd2a8042,shifted_covered_call,scheduled_exit,shifted,completed,-780.0000000000011,UPS
c36a2864dc39e7ed23ae3cd7,,,,2024-01-31,,,0000077476,,,ed2fc51dbe9fb6277664,shifted_covered_call,no_standard_call_within_rules,,unfilled,,PEP
e58db845518cee79765d8eb5,,,,2024-03-22,,,0000002488,,,5ea29cac8bb770c490f7,shifted_covered_call,no_standard_call_within_rules,,unfilled,,AMD
a616164151f24643b96af2ae,,,,2024-05-28,,,0000882095,,,b821a77b80852ae34132,shifted_covered_call,no_standard_call_within_rules,,unfilled,,GILD
6f1cfc4236c67a75dfcdb3dc,,,,2024-08-08,,,0001543151,,,12309da5ea75ee74aba1,shifted_covered_call,no_standard_call_within_rules,,unfilled,,UBER
3eb311f8f028117c7efd7cbb,,,,2024-09-09,,,0000018230,,,4967bc009dd5f09e4905,shifted_covered_call,no_standard_call_within_rules,,unfilled,,CAT
1fd2719c7034cd4bd2a0d019,304.9999999999999,162.11700000000002,85.0,2024-08-13,2024-09-12,16947.0,0000804328,-221.117000000001,-0.013047560040125156,aa5f6fb26a0a41d57af6,shifted_covered_call,scheduled_exit,shifted,completed,-449.0000000000009,QCOM
5b7e68e5b0be6ab38422f210,,,,2024-10-03,,,0000315189,,,6ea6e0dc038ce4bbb7b1,shifted_covered_call,thin_prior_option_volume,,unfilled,,DE
db122e26431ad89e0865f7d2,,,,2024-11-01,,,0001090727,,,80043dbfcd3c7e08fe4a,shifted_covered_call,issuer_position_already_open,,unfilled,,UPS
ac701c46b62bab2bc733fa84,175.0,60.37559999999999,163.0,2024-11-01,2024-12-03,13405.000000000002,0001090727,-156.37560000000033,-0.011665468108914607,a7ab53db719fd8888185,shifted_covered_call,scheduled_exit,shifted,completed,-434.00000000000034,UPS
409726c21d82499948f1b04e,,,,2025-01-03,,,0001075531,,,a3ce735a59b4e9150d06,shifted_covered_call,thin_prior_option_volume,,unfilled,,BKNG
4ed4e58b5ca864c89ef35751,,,,2025-02-04,,,0000077476,,,c4694fdcb9faaf3b1f30,shifted_covered_call,no_standard_call_within_rules,,unfilled,,PEP
95d9bc0df54fb6f1dae5a696,69.0,26.029200000000003,0.0,2025-01-21,2025-02-20,8838.0,0001613103,-1.0291999999997739,-0.00011645168590176215,c235f8f7fffabe6a962f,shifted_covered_call,scheduled_exit,shifted,completed,-43.99999999999977,MDT
2cd79bfb91717f4b985779ff,,,,2025-05-22,,,0000034088,,,afb4b402c43e494ece0f,shifted_covered_call,no_standard_call_within_rules,,unfilled,,XOM
9e659d3b65adb6d5b416cde9,0,16.7382,56.00000000000001,2022-02-16,2022-03-18,13353.0,0000104169,1230.2617999999995,0.09213373773683813,7e4fad7f86a6f9f58dea,shifted_stock,scheduled_exit,shifted,completed,1190.9999999999995,WMT
9074e54a9f0f7d474fec9baa,,,,2022-05-02,,,0000804328,,,60189b3fa7073dbdc75d,shifted_stock,no_standard_call_within_rules,,unfilled,,QCOM
904b771aae6ea8b061045851,,,,2022-06-14,,,0000005272,,,46208461c0a794df4d4c,shifted_stock,no_standard_call_within_rules,,unfilled,,AIG
a4029c9b484ab6ade9b6e075,,,,2022-06-23,,,0000104169,,,b5869711f52fb18c1c57,shifted_stock,no_standard_call_within_rules,,unfilled,,WMT
ad08b19b56400beb1c6f07ac,,,,2022-06-28,,,0000060667,,,97499234fd01544ff36a,shifted_stock,thin_prior_option_volume,,unfilled,,LOW
67e3465ed3cf1ad34f35e8eb,,,,2022-07-28,,,0001075531,,,775d2dd510c8420414de,shifted_stock,missing_decision_or_entry_bar,,unfilled,,BKNG
cff5b0ec1acdfea86b7f4c5e,,,,2022-08-01,,,0001090727,,,8dc77173e14d7a10d821,shifted_stock,no_standard_call_within_rules,,unfilled,,UPS
1b9fe0d93e4939e6835ef0bd,,,,2022-08-04,,,0001090727,,,7d67ab177fe07bcd4329,shifted_stock,no_standard_call_within_rules,,unfilled,,UPS
57c61f3279bb74dca7d3e61c,,,,2023-03-10,,,0000097745,,,1501f081328dd0d40c99,shifted_stock,thin_prior_option_volume,,unfilled,,TMO
6633e1d47744aa7fa015e319,,,,2023-03-30,,,0000882095,,,2cf6ce3b82abad57f742,shifted_stock,thin_prior_option_volume,,unfilled,,GILD
3cab11d6a1c8b5ff7332ba14,,,,2023-04-06,,,0000077476,,,972a7e75fabe013b486f,shifted_stock,no_standard_call_within_rules,,unfilled,,PEP
768190ac67bfcd9cfcfafbf3,0,20.6676,162.0,2023-08-07,2023-09-06,18215.0,0001090727,-1842.6676000000004,-0.10116209717265992,b2108fde0d70ba384006,shifted_stock,scheduled_exit,shifted,completed,-1984.0000000000005,UPS
722f2aa7c0076400124f3b07,0,8.098799999999999,0.0,2023-10-05,2023-11-03,6459.0,0000092122,571.9011999999998,0.08854330391701498,41e928ac2606d8955c3b,shifted_stock,scheduled_exit,shifted,completed,579.9999999999998,SO
0a4585be966ad30f98894959,,,,2023-12-04,,,0000077476,,,ed7c96da3bc71529780e,shifted_stock,no_standard_call_within_rules,,unfilled,,PEP
9bf877ec8c1d750212f62ec6,0,19.0152,0.0,2023-12-14,2024-01-17,16236.000000000002,0001090727,-799.0152000000011,-0.049212564671101314,ac3750a839bfdd2a8042,shifted_stock,scheduled_exit,shifted,completed,-780.0000000000011,UPS
c36a2864dc39e7ed23ae3cd7,,,,2024-01-31,,,0000077476,,,ed2fc51dbe9fb6277664,shifted_stock,no_standard_call_within_rules,,unfilled,,PEP
e58db845518cee79765d8eb5,,,,2024-03-22,,,0000002488,,,5ea29cac8bb770c490f7,shifted_stock,no_standard_call_within_rules,,unfilled,,AMD
a616164151f24643b96af2ae,,,,2024-05-28,,,0000882095,,,b821a77b80852ae34132,shifted_stock,no_standard_call_within_rules,,unfilled,,GILD
6f1cfc4236c67a75dfcdb3dc,,,,2024-08-08,,,0001543151,,,12309da5ea75ee74aba1,shifted_stock,no_standard_call_within_rules,,unfilled,,UBER
3eb311f8f028117c7efd7cbb,,,,2024-09-09,,,0000018230,,,4967bc009dd5f09e4905,shifted_stock,no_standard_call_within_rules,,unfilled,,CAT
1fd2719c7034cd4bd2a0d019,0,20.067,85.0,2024-08-13,2024-09-12,16947.0,0000804328,-384.0670000000009,-0.022662831179559858,aa5f6fb26a0a41d57af6,shifted_stock,scheduled_exit,shifted,completed,-449.0000000000009,QCOM
5b7e68e5b0be6ab38422f210,,,,2024-10-03,,,0000315189,,,6ea6e0dc038ce4bbb7b1,shifted_stock,thin_prior_option_volume,,unfilled,,DE
db122e26431ad89e0865f7d2,,,,2024-11-01,,,0001090727,,,80043dbfcd3c7e08fe4a,shifted_stock,issuer_position_already_open,,unfilled,,UPS
ac701c46b62bab2bc733fa84,0,15.825600000000001,163.0,2024-11-01,2024-12-03,13405.000000000002,0001090727,-286.82560000000035,-0.02139691160014922,a7ab53db719fd8888185,shifted_stock,scheduled_exit,shifted,completed,-434.00000000000034,UPS
409726c21d82499948f1b04e,,,,2025-01-03,,,0001075531,,,a3ce735a59b4e9150d06,shifted_stock,thin_prior_option_volume,,unfilled,,BKNG
4ed4e58b5ca864c89ef35751,,,,2025-02-04,,,0000077476,,,c4694fdcb9faaf3b1f30,shifted_stock,no_standard_call_within_rules,,unfilled,,PEP
95d9bc0df54fb6f1dae5a696,0,10.5792,0.0,2025-01-21,2025-02-20,8838.0,0001613103,-54.57919999999977,-0.006175514822357974,c235f8f7fffabe6a962f,shifted_stock,scheduled_exit,shifted,completed,-43.99999999999977,MDT
2cd79bfb91717f4b985779ff,,,,2025-05-22,,,0000034088,,,afb4b402c43e494ece0f,shifted_stock,no_standard_call_within_rules,,unfilled,,XOM
