block,horizon,pairs,status,target,task
63,1,1,insufficient_support,covered_call_increment,6
63,1,1,insufficient_support,overlay_increment,6
63,2,1,insufficient_support,covered_call_increment,6
63,2,1,insufficient_support,overlay_increment,6
63,3,1,insufficient_support,covered_call_increment,6
63,3,1,insufficient_support,overlay_increment,6
63,5,1,insufficient_support,covered_call_increment,6
63,5,1,insufficient_support,overlay_increment,6
63,10,1,insufficient_support,covered_call_increment,6
63,10,1,insufficient_support,overlay_increment,6
63,21,1,insufficient_support,covered_call_increment,6
63,21,1,insufficient_support,overlay_increment,6
63,42,1,insufficient_support,covered_call_increment,6
63,42,1,insufficient_support,overlay_increment,6
63,63,1,insufficient_support,covered_call_increment,6
63,63,1,insufficient_support,overlay_increment,6
63,1,1,insufficient_support,covered_call_increment,7
63,1,1,insufficient_support,overlay_increment,7
63,2,1,insufficient_support,covered_call_increment,7
63,2,1,insufficient_support,overlay_increment,7
63,3,1,insufficient_support,covered_call_increment,7
63,3,1,insufficient_support,overlay_increment,7
63,5,1,insufficient_support,covered_call_increment,7
63,5,1,insufficient_support,overlay_increment,7
63,10,1,insufficient_support,covered_call_increment,7
63,10,1,insufficient_support,overlay_increment,7
63,21,1,insufficient_support,covered_call_increment,7
63,21,1,insufficient_support,overlay_increment,7
63,42,1,insufficient_support,covered_call_increment,7
63,42,1,insufficient_support,overlay_increment,7
63,63,1,insufficient_support,covered_call_increment,7
63,63,1,insufficient_support,overlay_increment,7
63,1,1,insufficient_support,covered_call_increment,8
63,1,1,insufficient_support,overlay_increment,8
63,2,1,insufficient_support,covered_call_increment,8
63,2,1,insufficient_support,overlay_increment,8
63,3,1,insufficient_support,covered_call_increment,8
63,3,1,insufficient_support,overlay_increment,8
63,5,1,insufficient_support,covered_call_increment,8
63,5,1,insufficient_support,overlay_increment,8
63,10,1,insufficient_support,covered_call_increment,8
63,10,1,insufficient_support,overlay_increment,8
63,21,1,insufficient_support,covered_call_increment,8
63,21,1,insufficient_support,overlay_increment,8
63,42,1,insufficient_support,covered_call_increment,8
63,42,1,insufficient_support,overlay_increment,8
63,63,1,insufficient_support,covered_call_increment,8
63,63,1,insufficient_support,overlay_increment,8
126,1,1,insufficient_support,covered_call_increment,6
126,1,1,insufficient_support,overlay_increment,6
126,2,1,insufficient_support,covered_call_increment,6
126,2,1,insufficient_support,overlay_increment,6
126,3,1,insufficient_support,covered_call_increment,6
126,3,1,insufficient_support,overlay_increment,6
126,5,1,insufficient_support,covered_call_increment,6
126,5,1,insufficient_support,overlay_increment,6
126,10,1,insufficient_support,covered_call_increment,6
126,10,1,insufficient_support,overlay_increment,6
126,21,1,insufficient_support,covered_call_increment,6
126,21,1,insufficient_support,overlay_increment,6
126,42,1,insufficient_support,covered_call_increment,6
126,42,1,insufficient_support,overlay_increment,6
126,63,1,insufficient_support,covered_call_increment,6
126,63,1,insufficient_support,overlay_increment,6
126,1,1,insufficient_support,covered_call_increment,7
126,1,1,insufficient_support,overlay_increment,7
126,2,1,insufficient_support,covered_call_increment,7
126,2,1,insufficient_support,overlay_increment,7
126,3,1,insufficient_support,covered_call_increment,7
126,3,1,insufficient_support,overlay_increment,7
126,5,1,insufficient_support,covered_call_increment,7
126,5,1,insufficient_support,overlay_increment,7
126,10,1,insufficient_support,covered_call_increment,7
126,10,1,insufficient_support,overlay_increment,7
126,21,1,insufficient_support,covered_call_increment,7
126,21,1,insufficient_support,overlay_increment,7
126,42,1,insufficient_support,covered_call_increment,7
126,42,1,insufficient_support,overlay_increment,7
126,63,1,insufficient_support,covered_call_increment,7
126,63,1,insufficient_support,overlay_increment,7
126,1,1,insufficient_support,covered_call_increment,8
126,1,1,insufficient_support,overlay_increment,8
126,2,1,insufficient_support,covered_call_increment,8
126,2,1,insufficient_support,overlay_increment,8
126,3,1,insufficient_support,covered_call_increment,8
126,3,1,insufficient_support,overlay_increment,8
126,5,1,insufficient_support,covered_call_increment,8
126,5,1,insufficient_support,overlay_increment,8
126,10,1,insufficient_support,covered_call_increment,8
126,10,1,insufficient_support,overlay_increment,8
126,21,1,insufficient_support,covered_call_increment,8
126,21,1,insufficient_support,overlay_increment,8
126,42,1,insufficient_support,covered_call_increment,8
126,42,1,insufficient_support,overlay_increment,8
126,63,1,insufficient_support,covered_call_increment,8
126,63,1,insufficient_support,overlay_increment,8
