assignment,costs,event_status,horizon,issuers,mean_covered_call_increment,mean_overlay_increment,pairs,task,terminal_status,variant
time_value,1,completed,1,0,,,0,0,completed_insufficient_support,primary
time_value,1,planned,1,1,-0.003598393105692958,0.0002874191099522974,2,0,completed_insufficient_support,primary
time_value,1,completed,2,0,,,0,0,completed_insufficient_support,primary
time_value,1,planned,2,1,0.004103133308475525,-0.004719944997411818,2,0,completed_insufficient_support,primary
time_value,1,completed,3,0,,,0,0,completed_insufficient_support,primary
time_value,1,planned,3,1,0.00912388783431409,-0.0023965813970650805,2,0,completed_insufficient_support,primary
time_value,1,completed,5,0,,,0,0,completed_insufficient_support,primary
time_value,1,planned,5,1,-0.016539822555178926,0.005704004924866378,2,0,completed_insufficient_support,primary
time_value,1,completed,10,0,,,0,0,completed_insufficient_support,primary
time_value,1,planned,10,1,0.010709754693845304,-0.0028637785487145365,2,0,completed_insufficient_support,primary
time_value,1,completed,21,0,,,0,0,completed_insufficient_support,primary
time_value,1,planned,21,1,0.04314912403608336,-0.02122826470489579,2,0,completed_insufficient_support,primary
time_value,1,completed,42,0,,,0,0,completed_insufficient_support,primary
time_value,1,planned,42,1,0.14307648052726896,-0.020535075966396824,2,0,completed_insufficient_support,primary
time_value,1,completed,63,0,,,0,0,completed_insufficient_support,primary
time_value,1,planned,63,1,-0.01675461527431774,0.02395344564837585,2,0,completed_insufficient_support,primary
time_value,2,completed,1,0,,,0,1,completed_insufficient_support,primary
time_value,2,planned,1,1,-0.006176964916877531,-0.002298344405676711,2,1,completed_insufficient_support,primary
time_value,2,completed,2,0,,,0,1,completed_insufficient_support,primary
time_value,2,planned,2,1,0.0012784856751561916,-0.007544154422915315,2,1,completed_insufficient_support,primary
time_value,2,completed,3,0,,,0,1,completed_insufficient_support,primary
time_value,2,planned,3,1,0.006408257156717025,-0.005110154460647293,2,1,completed_insufficient_support,primary
time_value,2,completed,5,0,,,0,1,completed_insufficient_support,primary
time_value,2,planned,5,1,-0.0188494402864986,0.003376174067090418,2,1,completed_insufficient_support,primary
time_value,2,completed,10,0,,,0,1,completed_insufficient_support,primary
time_value,2,planned,10,1,0.00797064395488287,-0.005599599095708634,2,1,completed_insufficient_support,primary
time_value,2,completed,21,0,,,0,1,completed_insufficient_support,primary
time_value,2,planned,21,1,0.039505013342683144,-0.02483858459266041,2,1,completed_insufficient_support,primary
time_value,2,completed,42,0,,,0,1,completed_insufficient_support,primary
time_value,2,planned,42,1,0.13940580257501684,-0.024112386866613947,2,1,completed_insufficient_support,primary
time_value,2,completed,63,0,,,0,1,completed_insufficient_support,primary
time_value,2,planned,63,1,-0.018181781938180243,0.022494635777433682,2,1,completed_insufficient_support,primary
any_itm,1,completed,1,0,,,0,2,completed_insufficient_support,primary
any_itm,1,planned,1,1,-0.003598393105692958,0.0002874191099522974,2,2,completed_insufficient_support,primary
any_itm,1,completed,2,0,,,0,2,completed_insufficient_support,primary
any_itm,1,planned,2,1,0.004103133308475525,-0.004719944997411818,2,2,completed_insufficient_support,primary
any_itm,1,completed,3,0,,,0,2,completed_insufficient_support,primary
any_itm,1,planned,3,1,0.00912388783431409,-0.0023965813970650805,2,2,completed_insufficient_support,primary
any_itm,1,completed,5,0,,,0,2,completed_insufficient_support,primary
any_itm,1,planned,5,1,-0.016539822555178926,0.005704004924866378,2,2,completed_insufficient_support,primary
any_itm,1,completed,10,0,,,0,2,completed_insufficient_support,primary
any_itm,1,planned,10,1,0.010709754693845304,-0.0028637785487145365,2,2,completed_insufficient_support,primary
any_itm,1,completed,21,0,,,0,2,completed_insufficient_support,primary
any_itm,1,planned,21,1,0.04314912403608336,-0.02122826470489579,2,2,completed_insufficient_support,primary
any_itm,1,completed,42,0,,,0,2,completed_insufficient_support,primary
any_itm,1,planned,42,1,0.14307648052726896,-0.020535075966396824,2,2,completed_insufficient_support,primary
any_itm,1,completed,63,0,,,0,2,completed_insufficient_support,primary
any_itm,1,planned,63,1,-0.01675461527431774,0.02395344564837585,2,2,completed_insufficient_support,primary
time_value,1,completed,1,0,,,0,3,completed_insufficient_support,dte30
time_value,1,planned,1,1,0.010599325717219613,-0.003196305088107471,1,3,completed_insufficient_support,dte30
time_value,1,completed,2,0,,,0,3,completed_insufficient_support,dte30
time_value,1,planned,2,1,-0.007792671214134859,0.005553645575422448,1,3,completed_insufficient_support,dte30
time_value,1,completed,3,0,,,0,3,completed_insufficient_support,dte30
time_value,1,planned,3,1,-0.0031000884142711425,0.0008744760798551007,1,3,completed_insufficient_support,dte30
time_value,1,completed,5,0,,,0,3,completed_insufficient_support,dte30
time_value,1,planned,5,1,-0.02853254119470867,0.014951111289477893,1,3,completed_insufficient_support,dte30
time_value,1,completed,10,0,,,0,3,completed_insufficient_support,dte30
time_value,1,planned,10,1,-0.002586310441321675,0.015541529533391413,1,3,completed_insufficient_support,dte30
time_value,1,completed,21,0,,,0,3,completed_insufficient_support,dte30
time_value,1,planned,21,1,0.010277431326121148,-0.0026327972899601315,1,3,completed_insufficient_support,dte30
time_value,1,completed,42,0,,,0,3,completed_insufficient_support,dte30
time_value,1,planned,42,1,0.010277431326121148,0.027095863192538948,1,3,completed_insufficient_support,dte30
time_value,1,completed,63,0,,,0,3,completed_insufficient_support,dte30
time_value,1,planned,63,1,0.010277431326121148,-0.1333079642595001,1,3,completed_insufficient_support,dte30
time_value,2,completed,1,0,,,0,4,completed_insufficient_support,dte30
time_value,2,planned,1,1,0.010199338330772266,-0.0035880101266628876,1,4,completed_insufficient_support,dte30
time_value,2,completed,2,0,,,0,4,completed_insufficient_support,dte30
time_value,2,planned,2,1,-0.007759699337747013,0.005578604854177979,1,4,completed_insufficient_support,dte30
time_value,2,completed,3,0,,,0,4,completed_insufficient_support,dte30
time_value,2,planned,3,1,-0.0032955605601439134,0.000676617763583607,1,4,completed_insufficient_support,dte30
time_value,2,completed,5,0,,,0,4,completed_insufficient_support,dte30
time_value,2,planned,5,1,-0.028033977693613654,0.015423568935569384,1,4,completed_insufficient_support,dte30
time_value,2,completed,10,0,,,0,4,completed_insufficient_support,dte30
time_value,2,planned,10,1,-0.0020748544068329017,0.016042102333955012,1,4,completed_insufficient_support,dte30
time_value,2,completed,21,0,,,0,4,completed_insufficient_support,dte30
time_value,2,planned,21,1,0.010165066396109292,-0.0027374114323297297,1,4,completed_insufficient_support,dte30
time_value,2,completed,42,0,,,0,4,completed_insufficient_support,dte30
time_value,2,planned,42,1,0.010165066396109292,0.0269734011451368,1,4,completed_insufficient_support,dte30
time_value,2,completed,63,0,,,0,4,completed_insufficient_support,dte30
time_value,2,planned,63,1,0.010165066396109292,-0.1333341262303851,1,4,completed_insufficient_support,dte30
any_itm,1,completed,1,0,,,0,5,completed_insufficient_support,dte30
any_itm,1,planned,1,1,0.010599325717219613,-0.003196305088107471,1,5,completed_insufficient_support,dte30
any_itm,1,completed,2,0,,,0,5,completed_insufficient_support,dte30
any_itm,1,planned,2,1,-0.007792671214134859,0.005553645575422448,1,5,completed_insufficient_support,dte30
any_itm,1,completed,3,0,,,0,5,completed_insufficient_support,dte30
any_itm,1,planned,3,1,-0.0031000884142711425,0.0008744760798551007,1,5,completed_insufficient_support,dte30
any_itm,1,completed,5,0,,,0,5,completed_insufficient_support,dte30
any_itm,1,planned,5,1,-0.02853254119470867,0.014951111289477893,1,5,completed_insufficient_support,dte30
any_itm,1,completed,10,0,,,0,5,completed_insufficient_support,dte30
any_itm,1,planned,10,1,-0.002586310441321675,0.015541529533391413,1,5,completed_insufficient_support,dte30
any_itm,1,completed,21,0,,,0,5,completed_insufficient_support,dte30
any_itm,1,planned,21,1,0.010277431326121148,-0.0026327972899601315,1,5,completed_insufficient_support,dte30
any_itm,1,completed,42,0,,,0,5,completed_insufficient_support,dte30
any_itm,1,planned,42,1,0.010277431326121148,0.027095863192538948,1,5,completed_insufficient_support,dte30
any_itm,1,completed,63,0,,,0,5,completed_insufficient_support,dte30
any_itm,1,planned,63,1,0.010277431326121148,-0.1333079642595001,1,5,completed_insufficient_support,dte30
time_value,1,completed,1,1,-0.0036451677189955475,0.005028799660607362,1,6,completed_insufficient_support,dte60
time_value,1,planned,1,1,-0.002736115305215688,0.0011496969104295672,2,6,completed_insufficient_support,dte60
time_value,1,completed,2,1,-0.021902648168514005,0.01767081704276415,1,6,completed_insufficient_support,dte60
time_value,1,planned,2,1,0.007939761691690438,-0.0008833166141969055,2,6,completed_insufficient_support,dte60
time_value,1,completed,3,1,-0.005078740610666224,0.006547102675831015,1,6,completed_insufficient_support,dte60
time_value,1,planned,3,1,0.013067225324466927,0.001546756093087756,2,6,completed_insufficient_support,dte60
time_value,1,completed,5,1,-0.02273338606436801,0.023562985653199798,1,6,completed_insufficient_support,dte60
time_value,1,planned,5,1,-0.017411714604962127,0.004832112875083178,2,6,completed_insufficient_support,dte60
time_value,1,completed,10,1,-0.011299240762100142,0.028172621299416258,1,6,completed_insufficient_support,dte60
time_value,1,planned,10,1,0.015254255546315078,0.0016807223037552362,2,6,completed_insufficient_support,dte60
time_value,1,completed,21,1,-0.02267483113715755,0.01908549939709093,1,6,completed_insufficient_support,dte60
time_value,1,planned,21,1,0.06072006579669065,-0.003657322944288506,2,6,completed_insufficient_support,dte60
time_value,1,completed,42,1,0.04630647225636815,-0.0037493001260081385,1,6,completed_insufficient_support,dte60
time_value,1,planned,42,1,0.1828391631310166,0.019227606637350833,2,6,completed_insufficient_support,dte60
time_value,1,completed,63,1,0.08682460126195193,-0.0037493001260081593,1,6,completed_insufficient_support,dte60
time_value,1,planned,63,1,-0.021480454285342777,0.019227606637350812,2,6,completed_insufficient_support,dte60
time_value,2,completed,1,1,-0.0030199864475207987,0.005648773427151388,1,7,completed_insufficient_support,dte60
time_value,2,planned,1,1,-0.004634345892043499,-0.0007557253808426782,2,7,completed_insufficient_support,dte60
time_value,2,completed,2,1,-0.020656915240120984,0.018892791637029928,1,7,completed_insufficient_support,dte60
time_value,2,planned,2,1,0.005937091024762993,-0.0028855490733085123,2,7,completed_insufficient_support,dte60
time_value,2,completed,3,1,-0.004379487006751944,0.007239376585957115,1,7,completed_insufficient_support,dte60
time_value,2,planned,3,1,0.011178652999306406,-0.0003397586180579129,2,7,completed_insufficient_support,dte60
time_value,2,completed,5,1,-0.021203037512732052,0.02506553970510538,1,7,completed_insufficient_support,dte60
time_value,2,planned,5,1,-0.019123570628604113,0.003102043724984908,2,7,completed_insufficient_support,dte60
time_value,2,completed,10,1,-0.009553482915212625,0.029894681810665492,1,7,completed_insufficient_support,dte60
time_value,2,planned,10,1,0.013370829986566192,-0.0001994130640253118,2,7,completed_insufficient_support,dte60
time_value,2,completed,21,1,-0.021357329234599938,0.020374839817753232,1,7,completed_insufficient_support,dte60
time_value,2,planned,21,1,0.05855194699241529,-0.005791650942928266,2,7,completed_insufficient_support,dte60
time_value,2,completed,42,1,0.046481480017672674,-0.0035473311112077244,1,7,completed_insufficient_support,dte60
time_value,2,planned,42,1,0.18170122663184846,0.01818303719021766,2,7,completed_insufficient_support,dte60
time_value,2,completed,63,1,0.08697197968145558,-0.0035473311112077383,1,7,completed_insufficient_support,dte60
time_value,2,planned,63,1,-0.022493380525396248,0.018183037190217678,2,7,completed_insufficient_support,dte60
any_itm,1,completed,1,1,-0.0036451677189955475,0.005028799660607362,1,8,completed_insufficient_support,dte60
any_itm,1,planned,1,1,-0.002736115305215688,0.0011496969104295672,2,8,completed_insufficient_support,dte60
any_itm,1,completed,2,1,-0.021902648168514005,0.01767081704276415,1,8,completed_insufficient_support,dte60
any_itm,1,planned,2,1,0.007939761691690438,-0.0008833166141969055,2,8,completed_insufficient_support,dte60
any_itm,1,completed,3,1,-0.005078740610666224,0.006547102675831015,1,8,completed_insufficient_support,dte60
any_itm,1,planned,3,1,0.013067225324466927,0.001546756093087756,2,8,completed_insufficient_support,dte60
any_itm,1,completed,5,1,-0.02273338606436801,0.023562985653199798,1,8,completed_insufficient_support,dte60
any_itm,1,planned,5,1,-0.017411714604962127,0.004832112875083178,2,8,completed_insufficient_support,dte60
any_itm,1,completed,10,1,-0.011299240762100142,0.028172621299416258,1,8,completed_insufficient_support,dte60
any_itm,1,planned,10,1,0.015254255546315078,0.0016807223037552362,2,8,completed_insufficient_support,dte60
any_itm,1,completed,21,1,0.008641341224232706,0.05040167175848118,1,8,completed_insufficient_support,dte60
any_itm,1,planned,21,1,0.06072006579669065,-0.003657322944288506,2,8,completed_insufficient_support,dte60
any_itm,1,completed,42,1,0.04209002046951584,-0.007965751912860447,1,8,completed_insufficient_support,dte60
any_itm,1,planned,42,1,0.1828391631310166,0.019227606637350833,2,8,completed_insufficient_support,dte60
any_itm,1,completed,63,1,0.005787756318572319,-0.08478614506938778,1,8,completed_insufficient_support,dte60
any_itm,1,planned,63,1,-0.021480454285342777,0.019227606637350812,2,8,completed_insufficient_support,dte60
time_value,1,completed,1,0,,,0,9,completed_insufficient_support,otm3
time_value,1,planned,1,3,0.0028112973484875447,-0.0006559904761964658,3,9,completed_insufficient_support,otm3
time_value,1,completed,2,0,,,0,9,completed_insufficient_support,otm3
time_value,1,planned,2,3,0.00949912213864136,0.002293709764243058,3,9,completed_insufficient_support,otm3
time_value,1,completed,3,0,,,0,9,completed_insufficient_support,otm3
time_value,1,planned,3,3,0.007297643872791089,-0.004271571022333794,3,9,completed_insufficient_support,otm3
time_value,1,completed,5,0,,,0,9,completed_insufficient_support,otm3
time_value,1,planned,5,3,0.011271129912634134,0.0003135208509911803,3,9,completed_insufficient_support,otm3
time_value,1,completed,10,0,,,0,9,completed_insufficient_support,otm3
time_value,1,planned,10,3,0.0009033928355376963,0.0054696953328109655,3,9,completed_insufficient_support,otm3
time_value,1,completed,21,0,,,0,9,completed_insufficient_support,otm3
time_value,1,planned,21,3,0.01522823405041499,-0.017147536273197834,3,9,completed_insufficient_support,otm3
time_value,1,completed,42,0,,,0,9,completed_insufficient_support,otm3
time_value,1,planned,42,3,0.019478032757636266,-0.009712587272979268,3,9,completed_insufficient_support,otm3
time_value,1,completed,63,0,,,0,9,completed_insufficient_support,otm3
time_value,1,planned,63,3,0.0663061996972532,-0.05262283048911531,3,9,completed_insufficient_support,otm3
time_value,2,completed,1,0,,,0,10,completed_insufficient_support,otm3
time_value,2,planned,1,3,0.0026441251823379713,-0.0008210810206782272,3,10,completed_insufficient_support,otm3
time_value,2,completed,2,0,,,0,10,completed_insufficient_support,otm3
time_value,2,planned,2,3,0.009286686365315234,0.0020855998338473306,3,10,completed_insufficient_support,otm3
time_value,2,completed,3,0,,,0,10,completed_insufficient_support,otm3
time_value,2,planned,3,3,0.006953437129757423,-0.004608832069012568,3,10,completed_insufficient_support,otm3
time_value,2,completed,5,0,,,0,10,completed_insufficient_support,otm3
time_value,2,planned,5,3,0.010972190727266719,2.1160178168277977e-05,3,10,completed_insufficient_support,otm3
time_value,2,completed,10,0,,,0,10,completed_insufficient_support,otm3
time_value,2,planned,10,3,0.0012843453882733803,0.005846554102640255,3,10,completed_insufficient_support,otm3
time_value,2,completed,21,0,,,0,10,completed_insufficient_support,otm3
time_value,2,planned,21,3,0.01425974703339749,-0.01809793852229871,3,10,completed_insufficient_support,otm3
time_value,2,completed,42,0,,,0,10,completed_insufficient_support,otm3
time_value,2,planned,42,3,0.018862066813079222,-0.010308944331593546,3,10,completed_insufficient_support,otm3
time_value,2,completed,63,0,,,0,10,completed_insufficient_support,otm3
time_value,2,planned,63,3,0.0643535865223755,-0.05450394419983149,3,10,completed_insufficient_support,otm3
any_itm,1,completed,1,0,,,0,11,completed_insufficient_support,otm3
any_itm,1,planned,1,3,0.0028112973484875447,-0.0006559904761964658,3,11,completed_insufficient_support,otm3
any_itm,1,completed,2,0,,,0,11,completed_insufficient_support,otm3
any_itm,1,planned,2,3,0.00949912213864136,0.002293709764243058,3,11,completed_insufficient_support,otm3
any_itm,1,completed,3,0,,,0,11,completed_insufficient_support,otm3
any_itm,1,planned,3,3,0.007297643872791089,-0.004271571022333794,3,11,completed_insufficient_support,otm3
any_itm,1,completed,5,0,,,0,11,completed_insufficient_support,otm3
any_itm,1,planned,5,3,0.011271129912634134,0.0003135208509911803,3,11,completed_insufficient_support,otm3
any_itm,1,completed,10,0,,,0,11,completed_insufficient_support,otm3
any_itm,1,planned,10,3,0.0009033928355376963,0.0054696953328109655,3,11,completed_insufficient_support,otm3
any_itm,1,completed,21,0,,,0,11,completed_insufficient_support,otm3
any_itm,1,planned,21,3,0.01522823405041499,-0.017147536273197834,3,11,completed_insufficient_support,otm3
any_itm,1,completed,42,0,,,0,11,completed_insufficient_support,otm3
any_itm,1,planned,42,3,0.019478032757636266,-0.009712587272979268,3,11,completed_insufficient_support,otm3
any_itm,1,completed,63,0,,,0,11,completed_insufficient_support,otm3
any_itm,1,planned,63,3,0.0663061996972532,-0.05262283048911531,3,11,completed_insufficient_support,otm3
time_value,1,completed,1,0,,,0,12,completed_insufficient_support,otm10
time_value,1,planned,1,1,0.010524704226766683,-0.00348684072471629,1,12,completed_insufficient_support,otm10
time_value,1,completed,2,0,,,0,12,completed_insufficient_support,otm10
time_value,1,planned,2,1,0.020679038828838724,-0.006145189287917824,1,12,completed_insufficient_support,otm10
time_value,1,completed,3,0,,,0,12,completed_insufficient_support,otm10
time_value,1,planned,3,1,0.022980578174327103,-0.00799020734254733,1,12,completed_insufficient_support,otm10
time_value,1,completed,5,0,,,0,12,completed_insufficient_support,otm10
time_value,1,planned,5,1,0.0181904867392463,-0.006105999622802106,1,12,completed_insufficient_support,otm10
time_value,1,completed,10,0,,,0,12,completed_insufficient_support,otm10
time_value,1,planned,10,1,0.012905339792863343,-0.004321079209542392,1,12,completed_insufficient_support,otm10
time_value,1,completed,21,0,,,0,12,completed_insufficient_support,otm10
time_value,1,planned,21,1,0.08253619951754276,-0.03668427302448453,1,12,completed_insufficient_support,otm10
time_value,1,completed,42,0,,,0,12,completed_insufficient_support,otm10
time_value,1,planned,42,1,0.033421576134950934,-0.003096221771308569,1,12,completed_insufficient_support,otm10
time_value,1,completed,63,0,,,0,12,completed_insufficient_support,otm10
time_value,1,planned,63,1,0.08365568904523377,-0.04975491460067019,1,12,completed_insufficient_support,otm10
time_value,2,completed,1,0,,,0,13,completed_insufficient_support,otm10
time_value,2,planned,1,1,0.010071689570426376,-0.003931443406901212,1,13,completed_insufficient_support,otm10
time_value,2,completed,2,0,,,0,13,completed_insufficient_support,otm10
time_value,2,planned,2,1,0.020091743920444993,-0.006716379996921866,1,13,completed_insufficient_support,otm10
time_value,2,completed,3,0,,,0,13,completed_insufficient_support,otm10
time_value,2,planned,3,1,0.02230293583523503,-0.00864925605415278,1,13,completed_insufficient_support,otm10
time_value,2,completed,5,0,,,0,13,completed_insufficient_support,otm10
time_value,2,planned,5,1,0.017606575560968056,-0.006675324157276841,1,13,completed_insufficient_support,otm10
time_value,2,completed,10,0,,,0,13,completed_insufficient_support,otm10
time_value,2,planned,10,1,0.012410669411908416,-0.004805407533861886,1,13,completed_insufficient_support,otm10
time_value,2,completed,21,0,,,0,13,completed_insufficient_support,otm10
time_value,2,planned,21,1,0.08043919149718265,-0.03870970581618223,1,13,completed_insufficient_support,otm10
time_value,2,completed,42,0,,,0,13,completed_insufficient_support,otm10
time_value,2,planned,42,1,0.033068739085152954,-0.0034216047723653817,1,13,completed_insufficient_support,otm10
time_value,2,completed,63,0,,,0,13,completed_insufficient_support,otm10
time_value,2,planned,63,1,0.0827037999991033,-0.050627133391556695,1,13,completed_insufficient_support,otm10
any_itm,1,completed,1,0,,,0,14,completed_insufficient_support,otm10
any_itm,1,planned,1,1,0.010524704226766683,-0.00348684072471629,1,14,completed_insufficient_support,otm10
any_itm,1,completed,2,0,,,0,14,completed_insufficient_support,otm10
any_itm,1,planned,2,1,0.020679038828838724,-0.006145189287917824,1,14,completed_insufficient_support,otm10
any_itm,1,completed,3,0,,,0,14,completed_insufficient_support,otm10
any_itm,1,planned,3,1,0.022980578174327103,-0.00799020734254733,1,14,completed_insufficient_support,otm10
any_itm,1,completed,5,0,,,0,14,completed_insufficient_support,otm10
any_itm,1,planned,5,1,0.0181904867392463,-0.006105999622802106,1,14,completed_insufficient_support,otm10
any_itm,1,completed,10,0,,,0,14,completed_insufficient_support,otm10
any_itm,1,planned,10,1,0.012905339792863343,-0.004321079209542392,1,14,completed_insufficient_support,otm10
any_itm,1,completed,21,0,,,0,14,completed_insufficient_support,otm10
any_itm,1,planned,21,1,0.08253619951754276,-0.03668427302448453,1,14,completed_insufficient_support,otm10
any_itm,1,completed,42,0,,,0,14,completed_insufficient_support,otm10
any_itm,1,planned,42,1,0.033421576134950934,-0.003096221771308569,1,14,completed_insufficient_support,otm10
any_itm,1,completed,63,0,,,0,14,completed_insufficient_support,otm10
any_itm,1,planned,63,1,0.1183845702935808,-0.015026033352323165,1,14,completed_insufficient_support,otm10
time_value,1,completed,1,0,,,0,15,completed_insufficient_support,delay1
time_value,1,planned,1,1,0.0004792558943376591,0.00787011024691916,1,15,completed_insufficient_support,delay1
time_value,1,completed,2,0,,,0,15,completed_insufficient_support,delay1
time_value,1,planned,2,1,-0.0016823395281799385,0.00557939855944724,1,15,completed_insufficient_support,delay1
time_value,1,completed,3,0,,,0,15,completed_insufficient_support,delay1
time_value,1,planned,3,1,0.005263206425000345,0.005437433912142051,1,15,completed_insufficient_support,delay1
time_value,1,completed,5,0,,,0,15,completed_insufficient_support,delay1
time_value,1,planned,5,1,-0.015161377991535304,0.009523466726614081,1,15,completed_insufficient_support,delay1
time_value,1,completed,10,0,,,0,15,completed_insufficient_support,delay1
time_value,1,planned,10,1,0.002600194782311313,0.018263636515869187,1,15,completed_insufficient_support,delay1
time_value,1,completed,21,0,,,0,15,completed_insufficient_support,delay1
time_value,1,planned,21,1,0.008970780847775077,-0.005214727829116949,1,15,completed_insufficient_support,delay1
time_value,1,completed,42,0,,,0,15,completed_insufficient_support,delay1
time_value,1,planned,42,1,0.08661404134331968,-0.04197652359086862,1,15,completed_insufficient_support,delay1
time_value,1,completed,63,0,,,0,15,completed_insufficient_support,delay1
time_value,1,planned,63,1,0.11910028774383227,-0.01666207331789185,1,15,completed_insufficient_support,delay1
time_value,2,completed,1,0,,,0,16,completed_insufficient_support,delay1
time_value,2,planned,1,1,0.0016105848904645597,0.008997002068129561,1,16,completed_insufficient_support,delay1
time_value,2,completed,2,0,,,0,16,completed_insufficient_support,delay1
time_value,2,planned,2,1,-0.0006601695572490069,0.006597208871730408,1,16,completed_insufficient_support,delay1
time_value,2,completed,3,0,,,0,16,completed_insufficient_support,delay1
time_value,2,planned,3,1,0.0062743611152351,0.00644848400312497,1,16,completed_insufficient_support,delay1
time_value,2,completed,5,0,,,0,16,completed_insufficient_support,delay1
time_value,2,planned,5,1,-0.0139364519832742,0.010729089808762329,1,16,completed_insufficient_support,delay1
time_value,2,completed,10,0,,,0,16,completed_insufficient_support,delay1
time_value,2,planned,10,1,0.004235903260519894,0.01988545815941054,1,16,completed_insufficient_support,delay1
time_value,2,completed,21,0,,,0,16,completed_insufficient_support,delay1
time_value,2,planned,21,1,0.009470551853902751,-0.004710923535336841,1,16,completed_insufficient_support,delay1
time_value,2,completed,42,0,,,0,16,completed_insufficient_support,delay1
time_value,2,planned,42,1,0.08528989381880256,-0.04322328100002909,1,16,completed_insufficient_support,delay1
time_value,2,completed,63,0,,,0,16,completed_insufficient_support,delay1
time_value,2,planned,63,1,0.1189772845712409,-0.016703380714053362,1,16,completed_insufficient_support,delay1
any_itm,1,completed,1,0,,,0,17,completed_insufficient_support,delay1
any_itm,1,planned,1,1,0.0004792558943376591,0.00787011024691916,1,17,completed_insufficient_support,delay1
any_itm,1,completed,2,0,,,0,17,completed_insufficient_support,delay1
any_itm,1,planned,2,1,-0.0016823395281799385,0.00557939855944724,1,17,completed_insufficient_support,delay1
any_itm,1,completed,3,0,,,0,17,completed_insufficient_support,delay1
any_itm,1,planned,3,1,0.005263206425000345,0.005437433912142051,1,17,completed_insufficient_support,delay1
any_itm,1,completed,5,0,,,0,17,completed_insufficient_support,delay1
any_itm,1,planned,5,1,-0.015161377991535304,0.009523466726614081,1,17,completed_insufficient_support,delay1
any_itm,1,completed,10,0,,,0,17,completed_insufficient_support,delay1
any_itm,1,planned,10,1,0.002600194782311313,0.018263636515869187,1,17,completed_insufficient_support,delay1
any_itm,1,completed,21,0,,,0,17,completed_insufficient_support,delay1
any_itm,1,planned,21,1,0.008970780847775077,-0.005214727829116949,1,17,completed_insufficient_support,delay1
any_itm,1,completed,42,0,,,0,17,completed_insufficient_support,delay1
any_itm,1,planned,42,1,0.08661404134331968,-0.04197652359086862,1,17,completed_insufficient_support,delay1
any_itm,1,completed,63,0,,,0,17,completed_insufficient_support,delay1
any_itm,1,planned,63,1,0.11910028774383227,-0.01666207331789185,1,17,completed_insufficient_support,delay1
time_value,1,completed,1,0,,,0,18,completed_insufficient_support,delay3
time_value,1,planned,1,3,0.019609958611356736,-0.0005388080080734083,3,18,completed_insufficient_support,delay3
time_value,1,completed,2,0,,,0,18,completed_insufficient_support,delay3
time_value,1,planned,2,3,0.009669845341708653,0.003614095059873997,3,18,completed_insufficient_support,delay3
time_value,1,completed,3,0,,,0,18,completed_insufficient_support,delay3
time_value,1,planned,3,3,0.004591930528488802,-0.0033011608221407696,3,18,completed_insufficient_support,delay3
time_value,1,completed,5,0,,,0,18,completed_insufficient_support,delay3
time_value,1,planned,5,3,0.014878970317923193,-0.0032723172537584,3,18,completed_insufficient_support,delay3
time_value,1,completed,10,0,,,0,18,completed_insufficient_support,delay3
time_value,1,planned,10,3,0.026947059784225347,-0.016821572280211337,3,18,completed_insufficient_support,delay3
time_value,1,completed,21,0,,,0,18,completed_insufficient_support,delay3
time_value,1,planned,21,3,0.03506604161932708,-0.02096594617894328,3,18,completed_insufficient_support,delay3
time_value,1,completed,42,0,,,0,18,completed_insufficient_support,delay3
time_value,1,planned,42,3,0.051622954678199114,-0.01753565467192424,3,18,completed_insufficient_support,delay3
time_value,1,completed,63,0,,,0,18,completed_insufficient_support,delay3
time_value,1,planned,63,3,0.06938840918773201,-0.02542692904640149,3,18,completed_insufficient_support,delay3
time_value,2,completed,1,0,,,0,19,completed_insufficient_support,delay3
time_value,2,planned,1,3,0.02058700628007946,0.00045033617853170355,3,19,completed_insufficient_support,delay3
time_value,2,completed,2,0,,,0,19,completed_insufficient_support,delay3
time_value,2,planned,2,3,0.010853111185715606,0.004800996535428978,3,19,completed_insufficient_support,delay3
time_value,2,completed,3,0,,,0,19,completed_insufficient_support,delay3
time_value,2,planned,3,3,0.005446291671099662,-0.0024435572457293443,3,19,completed_insufficient_support,delay3
time_value,2,completed,5,0,,,0,19,completed_insufficient_support,delay3
time_value,2,planned,5,3,0.01572977298218557,-0.002413340174090672,3,19,completed_insufficient_support,delay3
time_value,2,completed,10,0,,,0,19,completed_insufficient_support,delay3
time_value,2,planned,10,3,0.027137280193704094,-0.016607797820850905,3,19,completed_insufficient_support,delay3
time_value,2,completed,21,0,,,0,19,completed_insufficient_support,delay3
time_value,2,planned,21,3,0.03505154845987214,-0.0209495228576177,3,19,completed_insufficient_support,delay3
time_value,2,completed,42,0,,,0,19,completed_insufficient_support,delay3
time_value,2,planned,42,3,0.05176237979980144,-0.0173558841359787,3,19,completed_insufficient_support,delay3
time_value,2,completed,63,0,,,0,19,completed_insufficient_support,delay3
time_value,2,planned,63,3,0.06913603778264667,-0.025622933480669147,3,19,completed_insufficient_support,delay3
any_itm,1,completed,1,0,,,0,20,completed_insufficient_support,delay3
any_itm,1,planned,1,3,0.019609958611356736,-0.0005388080080734083,3,20,completed_insufficient_support,delay3
any_itm,1,completed,2,0,,,0,20,completed_insufficient_support,delay3
any_itm,1,planned,2,3,0.009669845341708653,0.003614095059873997,3,20,completed_insufficient_support,delay3
any_itm,1,completed,3,0,,,0,20,completed_insufficient_support,delay3
any_itm,1,planned,3,3,0.004591930528488802,-0.0033011608221407696,3,20,completed_insufficient_support,delay3
any_itm,1,completed,5,0,,,0,20,completed_insufficient_support,delay3
any_itm,1,planned,5,3,0.014878970317923193,-0.0032723172537584,3,20,completed_insufficient_support,delay3
any_itm,1,completed,10,0,,,0,20,completed_insufficient_support,delay3
any_itm,1,planned,10,3,0.026947059784225347,-0.016821572280211337,3,20,completed_insufficient_support,delay3
any_itm,1,completed,21,0,,,0,20,completed_insufficient_support,delay3
any_itm,1,planned,21,3,0.03506604161932708,-0.02096594617894328,3,20,completed_insufficient_support,delay3
any_itm,1,completed,42,0,,,0,20,completed_insufficient_support,delay3
any_itm,1,planned,42,3,0.051622954678199114,-0.01753565467192424,3,20,completed_insufficient_support,delay3
any_itm,1,completed,63,0,,,0,20,completed_insufficient_support,delay3
any_itm,1,planned,63,3,0.06938840918773201,-0.02542692904640149,3,20,completed_insufficient_support,delay3
time_value,1,completed,1,0,,,0,21,completed_insufficient_support,delay5
time_value,1,planned,1,4,-0.004520232364050199,0.0020179498729825376,4,21,completed_insufficient_support,delay5
time_value,1,completed,2,0,,,0,21,completed_insufficient_support,delay5
time_value,1,planned,2,4,0.006582812500355331,-0.001492818893133148,4,21,completed_insufficient_support,delay5
time_value,1,completed,3,0,,,0,21,completed_insufficient_support,delay5
time_value,1,planned,3,4,0.018951458860709407,-0.009255712914086342,4,21,completed_insufficient_support,delay5
time_value,1,completed,5,0,,,0,21,completed_insufficient_support,delay5
time_value,1,planned,5,4,0.004205746334619764,-0.0025526109500464845,4,21,completed_insufficient_support,delay5
time_value,1,completed,10,0,,,0,21,completed_insufficient_support,delay5
time_value,1,planned,10,4,0.03052719143249226,-0.014073333772221601,4,21,completed_insufficient_support,delay5
time_value,1,completed,21,0,,,0,21,completed_insufficient_support,delay5
time_value,1,planned,21,4,-0.004533376966623251,0.007754981334446753,4,21,completed_insufficient_support,delay5
time_value,1,completed,42,0,,,0,21,completed_insufficient_support,delay5
time_value,1,planned,42,4,0.019550746935451974,-0.006634414945257195,4,21,completed_insufficient_support,delay5
time_value,1,completed,63,0,,,0,21,completed_insufficient_support,delay5
time_value,1,planned,63,4,0.0024792694642573054,0.003073371059275543,4,21,completed_insufficient_support,delay5
time_value,2,completed,1,0,,,0,22,completed_insufficient_support,delay5
time_value,2,planned,1,4,-0.004587070834331194,0.0019460560858319772,4,22,completed_insufficient_support,delay5
time_value,2,completed,2,0,,,0,22,completed_insufficient_support,delay5
time_value,2,planned,2,4,0.006340021012711507,-0.0017318921453368386,4,22,completed_insufficient_support,delay5
time_value,2,completed,3,0,,,0,22,completed_insufficient_support,delay5
time_value,2,planned,3,4,0.018326919577085845,-0.009864447786335424,4,22,completed_insufficient_support,delay5
time_value,2,completed,5,0,,,0,22,completed_insufficient_support,delay5
time_value,2,planned,5,4,0.00391327939752017,-0.0028421504906746145,4,22,completed_insufficient_support,delay5
time_value,2,completed,10,0,,,0,22,completed_insufficient_support,delay5
time_value,2,planned,10,4,0.029603992027401202,-0.01497179575095456,4,22,completed_insufficient_support,delay5
time_value,2,completed,21,0,,,0,22,completed_insufficient_support,delay5
time_value,2,planned,21,4,-0.004322425456210853,0.007956279521651632,4,22,completed_insufficient_support,delay5
time_value,2,completed,42,0,,,0,22,completed_insufficient_support,delay5
time_value,2,planned,42,4,0.019051850670340396,-0.007118326104704885,4,22,completed_insufficient_support,delay5
time_value,2,completed,63,0,,,0,22,completed_insufficient_support,delay5
time_value,2,planned,63,4,0.002282669807954312,0.002875958200973897,4,22,completed_insufficient_support,delay5
any_itm,1,completed,1,0,,,0,23,completed_insufficient_support,delay5
any_itm,1,planned,1,4,-0.004520232364050199,0.0020179498729825376,4,23,completed_insufficient_support,delay5
any_itm,1,completed,2,0,,,0,23,completed_insufficient_support,delay5
any_itm,1,planned,2,4,0.006582812500355331,-0.001492818893133148,4,23,completed_insufficient_support,delay5
any_itm,1,completed,3,0,,,0,23,completed_insufficient_support,delay5
any_itm,1,planned,3,4,0.018951458860709407,-0.009255712914086342,4,23,completed_insufficient_support,delay5
any_itm,1,completed,5,0,,,0,23,completed_insufficient_support,delay5
any_itm,1,planned,5,4,0.004205746334619764,-0.0025526109500464845,4,23,completed_insufficient_support,delay5
any_itm,1,completed,10,0,,,0,23,completed_insufficient_support,delay5
any_itm,1,planned,10,4,0.03052719143249226,-0.014073333772221601,4,23,completed_insufficient_support,delay5
any_itm,1,completed,21,0,,,0,23,completed_insufficient_support,delay5
any_itm,1,planned,21,4,0.007118413034062564,0.019406771335132564,4,23,completed_insufficient_support,delay5
any_itm,1,completed,42,0,,,0,23,completed_insufficient_support,delay5
any_itm,1,planned,42,4,0.035431067215268196,0.009245905334559022,4,23,completed_insufficient_support,delay5
any_itm,1,completed,63,0,,,0,23,completed_insufficient_support,delay5
any_itm,1,planned,63,4,0.031594350734403365,0.03218845232942161,4,23,completed_insufficient_support,delay5
