anchor_id,closing_cost,coverage_stage,dividend_accrual,downside_loss,entry_date,exit_date,exit_reason,exit_session,issuer,mark_gap_sessions,net_pnl,net_return,option_exit,option_pnl,pair_id,path_complete,reason,role,shape,shares_exit,status,stock_exit,stock_only,stock_pnl,study,task,ticker,total_cost,variant
08189ca63e06b0c9cb907cda,,acquisition_eligibility,,,,,,,0000004962,,,,,,22ec1e05640fbe4ff0d8a69f,,,event,protective_put,,missing_decision_or_entry_bar,,,,H23,0,,,primary
1716ff2799509eadfa7b9d6b,,acquisition_eligibility,,,,,,,0000002488,,,,,,2365de4d09ca404355304144,,,event,protective_put,,no_standard_contract_within_rules,,,,H23,0,,,primary
1f9f520ae2ab15989411f694,,acquisition_eligibility,,,,,,,0000002488,,,,,,974adb708dac1471a8674416,,,ordinary,covered_call,,eligible,,,,H23,0,,,primary
1fbd3b9689238a3be3ed4169,,acquisition_eligibility,,,,,,,0000004962,,,,,,22d1881c2853de058df960bd,,,ordinary,covered_call,,thin_prior_option_volume,,,,H23,0,,,primary
24145da22db004a275ce8925,,acquisition_eligibility,,,,,,,0000002488,,,,,,974adb708dac1471a8674416,,,event,protective_put,,eligible,,,,H23,0,,,primary
280f2ee61049d8b41399e845,,acquisition_eligibility,,,,,,,0000004962,,,,,,9cdf4d0394f4dd253a7057bd,,,event,covered_call,,eligible,,,,H23,0,,,primary
2d8b9c4f57150f2917eb67f8,,acquisition_eligibility,,,,,,,0000004962,,,,,,5e5e1d315525adfc396f5b1b,,,event,covered_call,,eligible,,,,H23,0,,,primary
2dd7532e29fac4173013bdd7,,acquisition_eligibility,,,,,,,0000004962,,,,,,f81f7af660b9bf0aa1f7485e,,,event,covered_call,,eligible,,,,H23,0,,,primary
2f0cea06ce1ff8eac3ffc14b,,acquisition_eligibility,,,,,,,0000002488,,,,,,ee18e6990f1758a14789ca09,,,ordinary,protective_put,,no_standard_contract_within_rules,,,,H23,0,,,primary
3dfd69ef4daacb30b6e5cd11,,acquisition_eligibility,,,,,,,0000004962,,,,,,578221006b234f3d17eb9f93,,,event,covered_call,,thin_prior_option_volume,,,,H23,0,,,primary
46844fded2ce56dc9984b947,,acquisition_eligibility,,,,,,,0000004962,,,,,,c413f50e9e0949687bdf1398,,,ordinary,covered_call,,thin_prior_option_volume,,,,H23,0,,,primary
471941aad2598a58e96719fe,,acquisition_eligibility,,,,,,,0000004962,,,,,,578221006b234f3d17eb9f93,,,event,protective_put,,eligible,,,,H23,0,,,primary
4a3424ab01ba6b7c9d7fc4dc,,acquisition_eligibility,,,,,,,0000002488,,,,,,ee18e6990f1758a14789ca09,,,event,protective_put,,eligible,,,,H23,0,,,primary
4a548f1e99b3455c30e854a1,,acquisition_eligibility,,,,,,,0000002488,,,,,,94abbd3bae510cb507b576d2,,,ordinary,protective_put,,eligible,,,,H23,0,,,primary
4d8c0fbedf0848b26a021499,,acquisition_eligibility,,,,,,,0000005272,,,,,,915793df3a040cd0c802d9f2,,,event,covered_call,,missing_decision_or_entry_bar,,,,H23,0,,,primary
52878e07b18f1780d12185da,,acquisition_eligibility,,,,,,,0000002488,,,,,,94abbd3bae510cb507b576d2,,,event,protective_put,,eligible,,,,H23,0,,,primary
54f9b6d8cd259a8059ab69c4,,acquisition_eligibility,,,,,,,0000004962,,,,,,9cdf4d0394f4dd253a7057bd,,,event,protective_put,,eligible,,,,H23,0,,,primary
5f68023c92037f22c73ba43f,,acquisition_eligibility,,,,,,,0000004962,,,,,,22ec1e05640fbe4ff0d8a69f,,,ordinary,covered_call,,no_standard_contract_within_rules,,,,H23,0,,,primary
5f9d9d779facd30db10a9fea,,acquisition_eligibility,,,,,,,0000005272,,,,,,915793df3a040cd0c802d9f2,,,event,protective_put,,missing_decision_or_entry_bar,,,,H23,0,,,primary
6134f4aaf1bf999583d6a507,,acquisition_eligibility,,,,,,,0000005272,,,,,,915793df3a040cd0c802d9f2,,,ordinary,covered_call,,missing_decision_or_entry_bar,,,,H23,0,,,primary
66dec862e0ed2260e60444e0,,acquisition_eligibility,,,,,,,0000004962,,,,,,578221006b234f3d17eb9f93,,,ordinary,protective_put,,thin_prior_option_volume,,,,H23,0,,,primary
6cd8ab27174625a1da791fb6,,acquisition_eligibility,,,,,,,0000004962,,,,,,c413f50e9e0949687bdf1398,,,event,covered_call,,eligible,,,,H23,0,,,primary
7578850c2830fa1cb276b312,,acquisition_eligibility,,,,,,,0000004962,,,,,,22ec1e05640fbe4ff0d8a69f,,,event,covered_call,,no_standard_contract_within_rules,,,,H23,0,,,primary
763bb705d8741b1bc1bc95a3,,acquisition_eligibility,,,,,,,0000004962,,,,,,9cdf4d0394f4dd253a7057bd,,,ordinary,covered_call,,no_standard_contract_within_rules,,,,H23,0,,,primary
78424b356f35ecacbdab56a6,,acquisition_eligibility,,,,,,,0000004962,,,,,,5e5e1d315525adfc396f5b1b,,,event,protective_put,,eligible,,,,H23,0,,,primary
8377caa208a80ff8a36e25cf,,acquisition_eligibility,,,,,,,0000004962,,,,,,c413f50e9e0949687bdf1398,,,event,protective_put,,no_standard_contract_within_rules,,,,H23,0,,,primary
860a4a02650de87c2724f5bd,,acquisition_eligibility,,,,,,,0000004962,,,,,,c413f50e9e0949687bdf1398,,,ordinary,protective_put,,missing_decision_or_entry_bar,,,,H23,0,,,primary
895f3b9e5c82c1ee602c980f,,acquisition_eligibility,,,,,,,0000004962,,,,,,3763243f08a0b9f3c3a85afe,,,event,covered_call,,no_standard_contract_within_rules,,,,H23,0,,,primary
8dbf3f33dbfd79ea7d9671bd,,acquisition_eligibility,,,,,,,0000002488,,,,,,94abbd3bae510cb507b576d2,,,ordinary,covered_call,,eligible,,,,H23,0,,,primary
8ed43eab8dec88a47a3ed06e,,acquisition_eligibility,,,,,,,0000004962,,,,,,3a578db181363f7b772334ad,,,event,covered_call,,thin_prior_option_volume,,,,H23,0,,,primary
8fceb893f7a4066bb584e5f3,,acquisition_eligibility,,,,,,,0000004962,,,,,,a2a517066de003d4b2f0efa8,,,event,covered_call,,no_standard_contract_within_rules,,,,H23,0,,,primary
91ed2dc097ce587bdbdc1833,,acquisition_eligibility,,,,,,,0000004962,,,,,,956651b8e2b7a781abf6828e,,,event,protective_put,,eligible,,,,H23,0,,,primary
93e34de4df6efc084cb1ff08,,acquisition_eligibility,,,,,,,0000004962,,,,,,956651b8e2b7a781abf6828e,,,ordinary,covered_call,,incomplete_prior_liquidity,,,,H23,0,,,primary
9c1d91e99c63732cfc7f6dcc,,acquisition_eligibility,,,,,,,0000004962,,,,,,22d1881c2853de058df960bd,,,event,covered_call,,thin_prior_option_volume,,,,H23,0,,,primary
a407f1c4bdf21872b1b84fd8,,acquisition_eligibility,,,,,,,0000004962,,,,,,5e5e1d315525adfc396f5b1b,,,ordinary,protective_put,,missing_decision_or_entry_bar,,,,H23,0,,,primary
a44b7a756c64641ab9f9e642,,acquisition_eligibility,,,,,,,0000004962,,,,,,a2a517066de003d4b2f0efa8,,,ordinary,protective_put,,incomplete_prior_liquidity,,,,H23,0,,,primary
aa12b060f6e6f5438fc214bb,,acquisition_eligibility,,,,,,,0000004962,,,,,,22d1881c2853de058df960bd,,,ordinary,protective_put,,no_standard_contract_within_rules,,,,H23,0,,,primary
aa70c0a10f8abe240e1920bc,,acquisition_eligibility,,,,,,,0000004962,,,,,,9cdf4d0394f4dd253a7057bd,,,ordinary,protective_put,,no_standard_contract_within_rules,,,,H23,0,,,primary
ad875ee1c88487e2e53bfee3,,acquisition_eligibility,,,,,,,0000002488,,,,,,ee18e6990f1758a14789ca09,,,ordinary,covered_call,,no_standard_contract_within_rules,,,,H23,0,,,primary
b19d4d6877b083db4f1bf729,,acquisition_eligibility,,,,,,,0000004962,,,,,,a2a517066de003d4b2f0efa8,,,ordinary,covered_call,,eligible,,,,H23,0,,,primary
b264c9d9a27d0249b8549a56,,acquisition_eligibility,,,,,,,0000004962,,,,,,3763243f08a0b9f3c3a85afe,,,event,protective_put,,no_standard_contract_within_rules,,,,H23,0,,,primary
b33a6a41836cbad2b2d24830,,acquisition_eligibility,,,,,,,0000002488,,,,,,ee18e6990f1758a14789ca09,,,event,covered_call,,eligible,,,,H23,0,,,primary
baceb55ef09c12944bed94cc,,acquisition_eligibility,,,,,,,0000002488,,,,,,2365de4d09ca404355304144,,,event,covered_call,,no_standard_contract_within_rules,,,,H23,0,,,primary
bc1a8c4150c980f9e3b6027b,,acquisition_eligibility,,,,,,,0000004962,,,,,,5e5e1d315525adfc396f5b1b,,,ordinary,covered_call,,missing_decision_or_entry_bar,,,,H23,0,,,primary
bf6c0f98f5dec54b54ba07e2,,acquisition_eligibility,,,,,,,0000004962,,,,,,578221006b234f3d17eb9f93,,,ordinary,covered_call,,no_standard_contract_within_rules,,,,H23,0,,,primary
c688a7e1a3713891ac0bd493,,acquisition_eligibility,,,,,,,0000004962,,,,,,a2a517066de003d4b2f0efa8,,,event,protective_put,,eligible,,,,H23,0,,,primary
cac6f598995968c26163ad82,,acquisition_eligibility,,,,,,,0000004962,,,,,,956651b8e2b7a781abf6828e,,,ordinary,protective_put,,thin_prior_option_volume,,,,H23,0,,,primary
cdcd2671e638029cb4e4982a,,acquisition_eligibility,,,,,,,0000004962,,,,,,f81f7af660b9bf0aa1f7485e,,,event,protective_put,,no_standard_contract_within_rules,,,,H23,0,,,primary
d38e4ef35bbad9ad6ba72149,,acquisition_eligibility,,,,,,,0000004962,,,,,,956651b8e2b7a781abf6828e,,,event,covered_call,,no_standard_contract_within_rules,,,,H23,0,,,primary
d88a6b81560c3b1514aae82d,,acquisition_eligibility,,,,,,,0000004962,,,,,,22ec1e05640fbe4ff0d8a69f,,,ordinary,protective_put,,missing_decision_or_entry_bar,,,,H23,0,,,primary
d9b5f9a38cd77f6da138b41f,,acquisition_eligibility,,,,,,,0000005272,,,,,,915793df3a040cd0c802d9f2,,,ordinary,protective_put,,missing_decision_or_entry_bar,,,,H23,0,,,primary
e6a77651eb2a0d44415ac0e0,,acquisition_eligibility,,,,,,,0000002488,,,,,,974adb708dac1471a8674416,,,event,covered_call,,eligible,,,,H23,0,,,primary
eb38907132231ef05f0f81ad,,acquisition_eligibility,,,,,,,0000002488,,,,,,94abbd3bae510cb507b576d2,,,event,covered_call,,no_standard_contract_within_rules,,,,H23,0,,,primary
fb364d97642cec3dd51b0f32,,acquisition_eligibility,,,,,,,0000004962,,,,,,3a578db181363f7b772334ad,,,event,protective_put,,no_standard_contract_within_rules,,,,H23,0,,,primary
fc433159bfe4af3a60c06b63,,acquisition_eligibility,,,,,,,0000004962,,,,,,22d1881c2853de058df960bd,,,event,protective_put,,missing_decision_or_entry_bar,,,,H23,0,,,primary
fc54c205dd7c776d0b51d30d,,acquisition_eligibility,,,,,,,0000002488,,,,,,974adb708dac1471a8674416,,,ordinary,protective_put,,eligible,,,,H23,0,,,primary
895f3b9e5c82c1ee602c980f,,portfolio_ledger,,,2022-03-09,,,,0000004962,,,,,,3763243f08a0b9f3c3a85afe,,no_standard_contract_within_rules,event,covered_call,,unfilled,,False,,H23,0,,,primary
8ed43eab8dec88a47a3ed06e,,portfolio_ledger,,,2022-05-06,,,,0000004962,,,,,,3a578db181363f7b772334ad,,thin_prior_option_volume,event,covered_call,,unfilled,,False,,H23,0,,,primary
baceb55ef09c12944bed94cc,,portfolio_ledger,,,2022-06-14,,,,0000002488,,,,,,2365de4d09ca404355304144,,no_standard_contract_within_rules,event,covered_call,,unfilled,,False,,H23,0,,,primary
e6a77651eb2a0d44415ac0e0,24.046799999999998,portfolio_ledger,0.0,0.0372072881940453,2022-06-13,2022-06-28,scheduled_exit,121,0000002488,0,-323.66620000000006,-0.0372072881940453,3.71,363.99999999999994,974adb708dac1471a8674416,True,,event,covered_call,100,completed,80.78,False,-621.0,H23,0,AMD,66.6662,primary
7578850c2830fa1cb276b312,,portfolio_ledger,,,2023-02-22,,,,0000004962,,,,,,22ec1e05640fbe4ff0d8a69f,,no_standard_contract_within_rules,event,covered_call,,unfilled,,False,,H23,0,,,primary
280f2ee61049d8b41399e845,52.858799999999995,portfolio_ledger,0.0,0.0035030307103017275,2023-05-04,2023-05-18,scheduled_exit,345,0000004962,0,353.0125999999982,0.02372237080841329,8.6,-8.999999999999986,9cdf4d0394f4dd253a7057bd,True,,event,covered_call,100,completed,153.48,False,466.9999999999982,H23,0,AXP,104.98740000000001,primary
8fceb893f7a4066bb584e5f3,,portfolio_ledger,,,2023-08-02,,,,0000004962,,,,,,a2a517066de003d4b2f0efa8,,no_standard_contract_within_rules,event,covered_call,,unfilled,,False,,H23,0,,,primary
9c1d91e99c63732cfc7f6dcc,,portfolio_ledger,,,2023-11-02,,,,0000004962,,,,,,22d1881c2853de058df960bd,,thin_prior_option_volume,event,covered_call,,unfilled,,False,,H23,0,,,primary
2d8b9c4f57150f2917eb67f8,88.15520000000001,portfolio_ledger,0.0,0.0030487125566614594,2024-02-22,2024-03-07,scheduled_exit,546,0000004962,0,342.6053999999999,0.01601034627786345,14.82,-447.00000000000006,5e5e1d315525adfc396f5b1b,True,,event,covered_call,100,completed,223.42,False,943.0,H23,0,AXP,153.39460000000003,primary
6cd8ab27174625a1da791fb6,70.3918,portfolio_ledger,0.0,0.010818775370678995,2024-04-30,2024-05-14,scheduled_exit,593,0000004962,0,443.41639999999995,0.018946989702174934,11.05,-175.0,c413f50e9e0949687bdf1398,True,,event,covered_call,100,completed,241.53,False,750.0,H23,0,AXP,131.5836,primary
d38e4ef35bbad9ad6ba72149,,portfolio_ledger,,,2024-07-31,,,,0000004962,,,,,,956651b8e2b7a781abf6828e,,no_standard_contract_within_rules,event,covered_call,,unfilled,,False,,H23,0,,,primary
4d8c0fbedf0848b26a021499,,portfolio_ledger,,,2024-12-03,,,,0000005272,,,,,,915793df3a040cd0c802d9f2,,missing_decision_or_entry_bar,event,covered_call,,unfilled,,False,,H23,0,,,primary
3dfd69ef4daacb30b6e5cd11,,portfolio_ledger,,,2025-02-04,,,,0000004962,,,,,,578221006b234f3d17eb9f93,,thin_prior_option_volume,event,covered_call,,unfilled,,False,,H23,0,,,primary
eb38907132231ef05f0f81ad,,portfolio_ledger,,,2025-03-17,,,,0000002488,,,,,,94abbd3bae510cb507b576d2,,no_standard_contract_within_rules,event,covered_call,,unfilled,,False,,H23,0,,,primary
b33a6a41836cbad2b2d24830,18.722,portfolio_ledger,0.0,0.21362390998593547,2025-03-27,2025-04-10,scheduled_exit,820,0000002488,0,-1387.021,-0.13005353961556493,2.55,470.0,ee18e6990f1758a14789ca09,True,,event,covered_call,100,completed,88.7,False,-1795.0,H23,0,AMD,62.021,primary
2dd7532e29fac4173013bdd7,195.506,portfolio_ledger,0.0,0.0046407642355767885,2025-04-30,2025-05-14,scheduled_exit,843,0000004962,0,1215.8594,0.04563865470515371,35.37,-1856.9999999999998,f81f7af660b9bf0aa1f7485e,True,,event,covered_call,100,completed,300.1,False,3369.0,H23,0,AXP,296.1406,primary
e6a77651eb2a0d44415ac0e0,4.8468,portfolio_ledger,0.0,0.07254468329693067,2022-06-13,2022-06-28,scheduled_exit,121,0000002488,0,-631.0662,-0.07254468329693067,0.0,-0.0,974adb708dac1471a8674416,True,,event,covered_call,100,completed,80.78,True,-621.0,H23,0,AMD,10.066199999999998,primary
280f2ee61049d8b41399e845,9.208799999999998,portfolio_ledger,0.0,0.006513581076540507,2023-05-04,2023-05-18,scheduled_exit,345,0000004962,0,448.86259999999817,0.030163470196895248,0.0,-0.0,9cdf4d0394f4dd253a7057bd,True,,event,covered_call,100,completed,153.48,True,466.9999999999982,H23,0,AXP,18.1374,primary
2d8b9c4f57150f2917eb67f8,13.405199999999999,portfolio_ledger,0.0,0.0006000000000000351,2024-02-22,2024-03-07,scheduled_exit,546,0000004962,0,916.7554,0.04284103930090191,0.0,-0.0,5e5e1d315525adfc396f5b1b,True,,event,covered_call,100,completed,223.42,True,943.0,H23,0,AXP,26.2446,primary
6cd8ab27174625a1da791fb6,14.4918,portfolio_ledger,0.0,0.01452983805495018,2024-04-30,2024-05-14,scheduled_exit,593,0000004962,0,721.4664,0.030827945135239072,0.0,-0.0,c413f50e9e0949687bdf1398,True,,event,covered_call,100,completed,241.53,True,750.0,H23,0,AXP,28.5336,primary
b33a6a41836cbad2b2d24830,5.321999999999999,portfolio_ledger,0.0,0.2672666666666667,2025-03-27,2025-04-10,scheduled_exit,820,0000002488,0,-1806.7209999999998,-0.16940656352555084,0.0,-0.0,ee18e6990f1758a14789ca09,True,,event,covered_call,100,completed,88.7,True,-1795.0,H23,0,AMD,11.720999999999998,primary
2dd7532e29fac4173013bdd7,18.006,portfolio_ledger,0.0,0.0005999999999999914,2025-04-30,2025-05-14,scheduled_exit,843,0000004962,0,3335.0094000000004,0.12518334146616117,0.0,-0.0,f81f7af660b9bf0aa1f7485e,True,,event,covered_call,100,completed,300.1,True,3369.0,H23,0,AXP,33.9906,primary
1f9f520ae2ab15989411f694,42.913599999999995,portfolio_ledger,0.0,0.09338047229068938,2022-02-10,2022-02-25,scheduled_exit,37,0000002488,0,-324.3598,-0.025789918104476426,7,244.99999999999994,974adb708dac1471a8674416,True,,ordinary,covered_call,100,completed,121.06,False,-471.0,H23,0,AMD,98.35979999999999,primary
5f68023c92037f22c73ba43f,,portfolio_ledger,,,2022-04-05,,,,0000004962,,,,,,22ec1e05640fbe4ff0d8a69f,,no_standard_contract_within_rules,ordinary,covered_call,,unfilled,,False,,H23,0,,,primary
763bb705d8741b1bc1bc95a3,,portfolio_ledger,,,2022-07-27,,,,0000004962,,,,,,9cdf4d0394f4dd253a7057bd,,no_standard_contract_within_rules,ordinary,covered_call,,unfilled,,False,,H23,0,,,primary
b19d4d6877b083db4f1bf729,20.8912,portfolio_ledger,0.0,0.09565227539226077,2023-03-03,2023-03-17,scheduled_exit,302,0000004962,0,-1713.036599999998,-0.09565227539226077,2.17,618.0,a2a517066de003d4b2f0efa8,True,,ordinary,covered_call,100,completed,156.52,False,-2256.999999999998,H23,0,AXP,74.03659999999999,primary
1fbd3b9689238a3be3ed4169,,portfolio_ledger,,,2023-04-26,,,,0000004962,,,,,,22d1881c2853de058df960bd,,thin_prior_option_volume,ordinary,covered_call,,unfilled,,False,,H23,0,,,primary
bc1a8c4150c980f9e3b6027b,,portfolio_ledger,,,2023-06-27,,,,0000004962,,,,,,5e5e1d315525adfc396f5b1b,,missing_decision_or_entry_bar,ordinary,covered_call,,unfilled,,False,,H23,0,,,primary
46844fded2ce56dc9984b947,,portfolio_ledger,,,2023-11-10,,,,0000004962,,,,,,c413f50e9e0949687bdf1398,,thin_prior_option_volume,ordinary,covered_call,,unfilled,,False,,H23,0,,,primary
93e34de4df6efc084cb1ff08,,portfolio_ledger,,,2024-01-08,,,,0000004962,,,,,,956651b8e2b7a781abf6828e,,incomplete_prior_liquidity,ordinary,covered_call,,unfilled,,False,,H23,0,,,primary
8dbf3f33dbfd79ea7d9671bd,71.2302,portfolio_ledger,0.0,0.00333099050391633,2024-05-01,2024-05-15,scheduled_exit,594,0000002488,0,975.7135999999964,0.06763108061273974,12.2,-444.99999999999994,94abbd3bae510cb507b576d2,True,,ordinary,covered_call,100,completed,159.67,False,1539.9999999999964,H23,0,AMD,119.28639999999999,primary
6134f4aaf1bf999583d6a507,,portfolio_ledger,,,2024-06-04,,,,0000005272,,,,,,915793df3a040cd0c802d9f2,,missing_decision_or_entry_bar,ordinary,covered_call,,unfilled,,False,,H23,0,,,primary
bf6c0f98f5dec54b54ba07e2,,portfolio_ledger,,,2024-09-17,,,,0000004962,,,,,,578221006b234f3d17eb9f93,,no_standard_contract_within_rules,ordinary,covered_call,,unfilled,,False,,H23,0,,,primary
ad875ee1c88487e2e53bfee3,,portfolio_ledger,,,2024-10-02,,,,0000002488,,,,,,ee18e6990f1758a14789ca09,,no_standard_contract_within_rules,ordinary,covered_call,,unfilled,,False,,H23,0,,,primary
1f9f520ae2ab15989411f694,7.263599999999999,portfolio_ledger,0.0,0.1278958575176911,2022-02-10,2022-02-25,scheduled_exit,37,0000002488,0,-485.8098,-0.03862684264928043,0.0,-0.0,974adb708dac1471a8674416,True,,ordinary,covered_call,100,completed,121.06,True,-471.0,H23,0,AMD,14.8098,primary
b19d4d6877b083db4f1bf729,9.3912,portfolio_ledger,0.0,0.12715040482438986,2023-03-03,2023-03-17,scheduled_exit,302,0000004962,0,-2277.136599999998,-0.12715040482438986,0.0,-0.0,a2a517066de003d4b2f0efa8,True,,ordinary,covered_call,100,completed,156.52,True,-2256.999999999998,H23,0,AXP,20.136599999999998,primary
8dbf3f33dbfd79ea7d9671bd,9.580199999999998,portfolio_ledger,0.0,0.0005999999999999613,2024-05-01,2024-05-15,scheduled_exit,594,0000002488,0,1521.7635999999964,0.10548025230470619,0.0,-0.0,94abbd3bae510cb507b576d2,True,,ordinary,covered_call,100,completed,159.67,True,1539.9999999999964,H23,0,AMD,18.236399999999996,primary
b264c9d9a27d0249b8549a56,,portfolio_ledger,,,2022-03-09,,,,0000004962,,,,,,3763243f08a0b9f3c3a85afe,,no_standard_contract_within_rules,event,protective_put,,unfilled,,False,,H23,0,,,primary
fb364d97642cec3dd51b0f32,,portfolio_ledger,,,2022-05-06,,,,0000004962,,,,,,3a578db181363f7b772334ad,,no_standard_contract_within_rules,event,protective_put,,unfilled,,False,,H23,0,,,primary
1716ff2799509eadfa7b9d6b,,portfolio_ledger,,,2022-06-14,,,,0000002488,,,,,,2365de4d09ca404355304144,,no_standard_contract_within_rules,event,protective_put,,unfilled,,False,,H23,0,,,primary
24145da22db004a275ce8925,79.99680000000001,portfolio_ledger,0.0,0.07352755489136682,2022-06-13,2022-06-28,scheduled_exit,121,0000002488,0,-639.6162,-0.07352755489136682,14.9,134.99999999999997,974adb708dac1471a8674416,True,,event,protective_put,100,completed,80.78,False,-621.0,H23,0,AMD,153.6162,primary
08189ca63e06b0c9cb907cda,,portfolio_ledger,,,2023-02-22,,,,0000004962,,,,,,22ec1e05640fbe4ff0d8a69f,,missing_decision_or_entry_bar,event,protective_put,,unfilled,,False,,H23,0,,,primary
54f9b6d8cd259a8059ab69c4,43.9588,portfolio_ledger,0.0,0.02087081513339162,2023-05-04,2023-05-18,scheduled_exit,345,0000004962,0,-17.537400000001753,-0.0011785095087696897,6.82,-377.99999999999994,9cdf4d0394f4dd253a7057bd,True,,event,protective_put,100,completed,153.48,False,466.9999999999982,H23,0,AXP,106.53739999999999,primary
c688a7e1a3713891ac0bd493,55.2956,portfolio_ledger,0.0,0.03218594302848576,2023-08-02,2023-08-16,scheduled_exit,406,0000004962,0,-536.7006,-0.03218594302848576,9,165.00000000000003,a2a517066de003d4b2f0efa8,True,,event,protective_put,100,completed,160.76,False,-599.0,H23,0,AXP,102.70060000000001,primary
fc433159bfe4af3a60c06b63,,portfolio_ledger,,,2023-11-02,,,,0000004962,,,,,,22d1881c2853de058df960bd,,missing_decision_or_entry_bar,event,protective_put,,unfilled,,False,,H23,0,,,primary
78424b356f35ecacbdab56a6,31.0552,portfolio_ledger,0.0,0.0018337025094629922,2024-02-22,2024-03-07,scheduled_exit,546,0000004962,0,697.7053999999999,0.03260457965325482,3.4,-175.00000000000006,5e5e1d315525adfc396f5b1b,True,,event,protective_put,100,completed,223.42,False,943.0,H23,0,AXP,70.2946,primary
8377caa208a80ff8a36e25cf,,portfolio_ledger,,,2024-04-30,,,,0000004962,,,,,,c413f50e9e0949687bdf1398,,no_standard_contract_within_rules,event,protective_put,,unfilled,,False,,H23,0,,,primary
91ed2dc097ce587bdbdc1833,65.7756,portfolio_ledger,0.0,,2024-07-31,2024-08-14,scheduled_exit,656,0000004962,1,-760.858,-0.030068684792918115,10.1,284.99999999999994,956651b8e2b7a781abf6828e,False,,event,protective_put,100,completed,243.76,False,-928.0,H23,0,AXP,117.858,primary
5f9d9d779facd30db10a9fea,,portfolio_ledger,,,2024-12-03,,,,0000005272,,,,,,915793df3a040cd0c802d9f2,,missing_decision_or_entry_bar,event,protective_put,,unfilled,,False,,H23,0,,,primary
471941aad2598a58e96719fe,,portfolio_ledger,,,2025-02-04,,,,0000004962,,,,,,578221006b234f3d17eb9f93,,risk_cooldown_or_unknown_nav,event,protective_put,,unfilled,,False,,H23,0,,,primary
52878e07b18f1780d12185da,,portfolio_ledger,,,2025-03-17,,,,0000002488,,,,,,94abbd3bae510cb507b576d2,,risk_cooldown_or_unknown_nav,event,protective_put,,unfilled,,False,,H23,0,,,primary
4a3424ab01ba6b7c9d7fc4dc,,portfolio_ledger,,,2025-03-27,,,,0000002488,,,,,,ee18e6990f1758a14789ca09,,risk_cooldown_or_unknown_nav,event,protective_put,,unfilled,,False,,H23,0,,,primary
cdcd2671e638029cb4e4982a,,portfolio_ledger,,,2025-04-30,,,,0000004962,,,,,,f81f7af660b9bf0aa1f7485e,,no_standard_contract_within_rules,event,protective_put,,unfilled,,False,,H23,0,,,primary
24145da22db004a275ce8925,4.8468,portfolio_ledger,0.0,0.07254468329693067,2022-06-13,2022-06-28,scheduled_exit,121,0000002488,0,-631.0662,-0.07254468329693067,0.0,-0.0,974adb708dac1471a8674416,True,,event,protective_put,100,completed,80.78,True,-621.0,H23,0,AMD,10.066199999999998,primary
54f9b6d8cd259a8059ab69c4,9.208799999999998,portfolio_ledger,0.0,0.006513581076540507,2023-05-04,2023-05-18,scheduled_exit,345,0000004962,0,448.86259999999817,0.030163470196895248,0.0,-0.0,9cdf4d0394f4dd253a7057bd,True,,event,protective_put,100,completed,153.48,True,466.9999999999982,H23,0,AXP,18.1374,primary
c688a7e1a3713891ac0bd493,9.6456,portfolio_ledger,0.0,0.03710048575712144,2023-08-02,2023-08-16,scheduled_exit,406,0000004962,0,-618.6505999999999,-0.03710048575712144,0.0,-0.0,a2a517066de003d4b2f0efa8,True,,event,protective_put,100,completed,160.76,True,-599.0,H23,0,AXP,19.650599999999997,primary
78424b356f35ecacbdab56a6,13.405199999999999,portfolio_ledger,0.0,0.0006000000000000351,2024-02-22,2024-03-07,scheduled_exit,546,0000004962,0,916.7554,0.04284103930090191,0.0,-0.0,5e5e1d315525adfc396f5b1b,True,,event,protective_put,100,completed,223.42,True,943.0,H23,0,AXP,26.2446,primary
91ed2dc097ce587bdbdc1833,14.625599999999999,portfolio_ledger,0.0,0.10777673095162826,2024-07-31,2024-08-14,scheduled_exit,656,0000004962,0,-957.808,-0.037852039203288015,0.0,-0.0,956651b8e2b7a781abf6828e,True,,event,protective_put,100,completed,243.76,True,-928.0,H23,0,AXP,29.808,primary
fc54c205dd7c776d0b51d30d,87.4136,portfolio_ledger,0.0,0.0641207124115449,2022-02-10,2022-02-25,scheduled_exit,37,0000002488,0,-493.85979999999984,-0.0392668998966367,15.9,145.0000000000001,974adb708dac1471a8674416,True,,ordinary,protective_put,100,completed,121.06,False,-471.0,H23,0,AMD,167.8598,primary
d88a6b81560c3b1514aae82d,,portfolio_ledger,,,2022-04-05,,,,0000004962,,,,,,22ec1e05640fbe4ff0d8a69f,,missing_decision_or_entry_bar,ordinary,protective_put,,unfilled,,False,,H23,0,,,primary
aa70c0a10f8abe240e1920bc,,portfolio_ledger,,,2022-07-27,,,,0000004962,,,,,,9cdf4d0394f4dd253a7057bd,,no_standard_contract_within_rules,ordinary,protective_put,,unfilled,,False,,H23,0,,,primary
a44b7a756c64641ab9f9e642,,portfolio_ledger,,,2023-03-03,,,,0000004962,,,,,,a2a517066de003d4b2f0efa8,,incomplete_prior_liquidity,ordinary,protective_put,,unfilled,,False,,H23,0,,,primary
aa12b060f6e6f5438fc214bb,,portfolio_ledger,,,2023-04-26,,,,0000004962,,,,,,22d1881c2853de058df960bd,,no_standard_contract_within_rules,ordinary,protective_put,,unfilled,,False,,H23,0,,,primary
a407f1c4bdf21872b1b84fd8,,portfolio_ledger,,,2023-06-27,,,,0000004962,,,,,,5e5e1d315525adfc396f5b1b,,missing_decision_or_entry_bar,ordinary,protective_put,,unfilled,,False,,H23,0,,,primary
860a4a02650de87c2724f5bd,,portfolio_ledger,,,2023-11-10,,,,0000004962,,,,,,c413f50e9e0949687bdf1398,,missing_decision_or_entry_bar,ordinary,protective_put,,unfilled,,False,,H23,0,,,primary
cac6f598995968c26163ad82,,portfolio_ledger,,,2024-01-08,,,,0000004962,,,,,,956651b8e2b7a781abf6828e,,thin_prior_option_volume,ordinary,protective_put,,unfilled,,False,,H23,0,,,primary
4a548f1e99b3455c30e854a1,50.230199999999996,portfolio_ledger,0.0,0.005808983156581471,2024-05-01,2024-05-15,scheduled_exit,594,0000002488,0,715.9635999999964,0.04962664448603288,8,-690.0,94abbd3bae510cb507b576d2,True,,ordinary,protective_put,100,completed,159.67,False,1539.9999999999964,H23,0,AMD,134.03640000000001,primary
d9b5f9a38cd77f6da138b41f,,portfolio_ledger,,,2024-06-04,,,,0000005272,,,,,,915793df3a040cd0c802d9f2,,missing_decision_or_entry_bar,ordinary,protective_put,,unfilled,,False,,H23,0,,,primary
66dec862e0ed2260e60444e0,,portfolio_ledger,,,2024-09-17,,,,0000004962,,,,,,578221006b234f3d17eb9f93,,thin_prior_option_volume,ordinary,protective_put,,unfilled,,False,,H23,0,,,primary
2f0cea06ce1ff8eac3ffc14b,,portfolio_ledger,,,2024-10-02,,,,0000002488,,,,,,ee18e6990f1758a14789ca09,,no_standard_contract_within_rules,ordinary,protective_put,,unfilled,,False,,H23,0,,,primary
fc54c205dd7c776d0b51d30d,7.263599999999999,portfolio_ledger,0.0,0.1278958575176911,2022-02-10,2022-02-25,scheduled_exit,37,0000002488,0,-485.8098,-0.03862684264928043,0.0,-0.0,974adb708dac1471a8674416,True,,ordinary,protective_put,100,completed,121.06,True,-471.0,H23,0,AMD,14.8098,primary
4a548f1e99b3455c30e854a1,9.580199999999998,portfolio_ledger,0.0,0.0005999999999999613,2024-05-01,2024-05-15,scheduled_exit,594,0000002488,0,1521.7635999999964,0.10548025230470619,0.0,-0.0,94abbd3bae510cb507b576d2,True,,ordinary,protective_put,100,completed,159.67,True,1539.9999999999964,H23,0,AMD,18.236399999999996,primary
