baseline_mse,cohort,disclosure_mse,event_error_improvement,fresh_oos,paired_error_improvement,reason,shape,status,study,target,training_issuers,training_observations,validation_issuers,validation_observations,variant,year
,matched_priced_pairs,,,False,,chronological_training_or_validation_floor,covered_call,insufficient_support,H24,signed_return,0,0,1,1,primary,2023
,matched_priced_pairs,,,False,,chronological_training_or_validation_floor,covered_call,insufficient_support,H24,absolute_return,0,0,1,1,primary,2023
,matched_priced_pairs,,,False,,chronological_training_or_validation_floor,covered_call,insufficient_support,H24,signed_return,1,1,1,1,primary,2024
,matched_priced_pairs,,,False,,chronological_training_or_validation_floor,covered_call,insufficient_support,H24,absolute_return,1,1,1,1,primary,2024
,matched_priced_pairs,,,False,,chronological_training_or_validation_floor,covered_call,insufficient_support,H24,signed_return,1,2,1,2,primary,2025
,matched_priced_pairs,,,False,,chronological_training_or_validation_floor,covered_call,insufficient_support,H24,absolute_return,1,2,1,2,primary,2025
,matched_priced_pairs,,,False,,chronological_training_or_validation_floor,protective_put,insufficient_support,H24,signed_return,0,0,0,0,primary,2023
,matched_priced_pairs,,,False,,chronological_training_or_validation_floor,protective_put,insufficient_support,H24,absolute_return,0,0,0,0,primary,2023
,matched_priced_pairs,,,False,,chronological_training_or_validation_floor,protective_put,insufficient_support,H24,signed_return,0,0,0,0,primary,2024
,matched_priced_pairs,,,False,,chronological_training_or_validation_floor,protective_put,insufficient_support,H24,absolute_return,0,0,0,0,primary,2024
,matched_priced_pairs,,,False,,chronological_training_or_validation_floor,protective_put,insufficient_support,H24,signed_return,0,0,0,0,primary,2025
,matched_priced_pairs,,,False,,chronological_training_or_validation_floor,protective_put,insufficient_support,H24,absolute_return,0,0,0,0,primary,2025
