accessions,availability_session,event_decision,filing_date,issuer,pair_id,reason,role,study,ticker,variant
['0001193125-22-171108'],110,2022-06-13,2022-06-09,0000002488,2365de4d09ca404355304144,no_prior_control_within_calipers,ordinary,H23,AMD,primary
['0001193125-22-171108'],110,2022-06-13,2022-06-09,0000002488,2365de4d09ca404355304144,no_prior_control_within_calipers,ordinary,H23,AMD,double_cost
['0000004962-22-000012'],43,2022-03-08,2022-03-04,0000004962,3763243f08a0b9f3c3a85afe,insufficient_prior_features,ordinary,H23,AXP,primary
['0000004962-22-000012'],43,2022-03-08,2022-03-04,0000004962,3763243f08a0b9f3c3a85afe,insufficient_prior_features,ordinary,H23,AXP,double_cost
['0000004962-22-000029'],84,2022-05-05,2022-05-03,0000004962,3a578db181363f7b772334ad,no_prior_control_within_calipers,ordinary,H23,AXP,primary
['0000004962-22-000029'],84,2022-05-05,2022-05-03,0000004962,3a578db181363f7b772334ad,no_prior_control_within_calipers,ordinary,H23,AXP,double_cost
['0000004962-25-000048'],831,2025-04-29,2025-04-25,0000004962,f81f7af660b9bf0aa1f7485e,no_prior_control_within_calipers,ordinary,H23,AXP,primary
['0000004962-25-000048'],831,2025-04-29,2025-04-25,0000004962,f81f7af660b9bf0aa1f7485e,no_prior_control_within_calipers,ordinary,H23,AXP,double_cost
['0000002488-22-000074'],84,2022-05-04,2022-05-03,0000002488,609218fc08b4309035443ace,no_prior_control_within_calipers,ordinary,H24,AMD,primary
['0001104659-22-029338'],41,2022-03-03,2022-03-02,0000005272,9393ba4a20730534bcd65838,insufficient_prior_features,ordinary,H24,AIG,primary
['0001104659-22-043380'],67,2022-04-08,2022-04-07,0000005272,8b8c50542364ff8c4fe91fd1,insufficient_prior_features,ordinary,H24,AIG,primary
['0001193125-22-170212'],109,2022-06-10,2022-06-08,0000002488,16e3128fff38074a762f4b23,no_prior_control_within_calipers,debt_only,H25,AMD,primary
['0001193125-22-170212'],109,2022-06-10,2022-06-08,0000002488,16e3128fff38074a762f4b23,no_prior_control_within_calipers,underwriting_only,H25,AMD,primary
['0001193125-25-052173'],800,2025-03-14,2025-03-12,0000002488,ad868825a086ca6d3226ae37,no_prior_control_within_calipers,debt_only,H25,AMD,primary
['0001193125-25-052173'],800,2025-03-14,2025-03-12,0000002488,ad868825a086ca6d3226ae37,no_prior_control_within_calipers,underwriting_only,H25,AMD,primary
['0001140361-22-006206'],35,2022-02-24,2022-02-22,0000014272,0fc5c17318e721a388d18e53,insufficient_prior_features,ordinary,H25,BMY,primary
['0001140361-22-006206'],35,2022-02-24,2022-02-22,0000014272,0fc5c17318e721a388d18e53,insufficient_prior_features,debt_only,H25,BMY,primary
['0001140361-22-006206'],35,2022-02-24,2022-02-22,0000014272,0fc5c17318e721a388d18e53,insufficient_prior_features,underwriting_only,H25,BMY,primary
['0001140361-23-052908'],469,2023-11-15,2023-11-13,0000014272,b85d9858604b909390a9b494,no_prior_control_within_calipers,ordinary,H25,BMY,primary
['0001140361-23-052908'],469,2023-11-15,2023-11-13,0000014272,b85d9858604b909390a9b494,no_prior_control_within_calipers,debt_only,H25,BMY,primary
['0001140361-23-052908'],469,2023-11-15,2023-11-13,0000014272,b85d9858604b909390a9b494,no_prior_control_within_calipers,underwriting_only,H25,BMY,primary
['0001140361-25-041380'],968,2025-11-12,2025-11-10,0000014272,e2067d880a3b447a5e772f16,no_prior_control_within_calipers,debt_only,H25,BMY,primary
['0001140361-25-041380'],968,2025-11-12,2025-11-10,0000014272,e2067d880a3b447a5e772f16,no_prior_control_within_calipers,underwriting_only,H25,BMY,primary
['0001104659-25-049132'],845,2025-05-19,2025-05-15,0000018230,7e06841522c9c157c9e4a51d,no_prior_control_within_calipers,debt_only,H25,CAT,primary
['0001104659-25-049132'],845,2025-05-19,2025-05-15,0000018230,7e06841522c9c157c9e4a51d,no_prior_control_within_calipers,underwriting_only,H25,CAT,primary
['0001552781-24-000299'],590,2024-05-10,2024-05-08,0000021344,5dfdcdd547be4111a7c60f62,no_prior_control_within_calipers,debt_only,H25,KO,primary
['0001552781-24-000299'],590,2024-05-10,2024-05-08,0000021344,5dfdcdd547be4111a7c60f62,no_prior_control_within_calipers,underwriting_only,H25,KO,primary
['0001552781-24-000465'],654,2024-08-13,2024-08-09,0000021344,2500e73444a9467d6247df7d,no_prior_control_within_calipers,debt_only,H25,KO,primary
['0001552781-24-000465'],654,2024-08-13,2024-08-09,0000021344,2500e73444a9467d6247df7d,no_prior_control_within_calipers,underwriting_only,H25,KO,primary
['0000930413-22-001398'],147,2022-08-05,2022-08-03,0000021665,4c124bd81b02f5f0f52ec19c,no_prior_control_within_calipers,debt_only,H25,CL,primary
['0000930413-22-001398'],147,2022-08-05,2022-08-03,0000021665,4c124bd81b02f5f0f52ec19c,no_prior_control_within_calipers,underwriting_only,H25,CL,primary
['0000930413-23-000928'],291,2023-03-03,2023-03-01,0000021665,da7791283ef7b623c90df7d6,no_prior_control_within_calipers,debt_only,H25,CL,primary
['0000930413-23-000928'],291,2023-03-03,2023-03-01,0000021665,da7791283ef7b623c90df7d6,no_prior_control_within_calipers,underwriting_only,H25,CL,primary
['0001104659-25-044105'],836,2025-05-06,2025-05-02,0000021665,4f515f26c7e59adec650bfcf,no_prior_control_within_calipers,ordinary,H25,CL,primary
['0001104659-25-044105'],836,2025-05-06,2025-05-02,0000021665,4f515f26c7e59adec650bfcf,no_prior_control_within_calipers,debt_only,H25,CL,primary
['0001104659-25-044105'],836,2025-05-06,2025-05-02,0000021665,4f515f26c7e59adec650bfcf,no_prior_control_within_calipers,underwriting_only,H25,CL,primary
['0001104659-22-099544'],175,2022-09-15,2022-09-13,0000027419,e7dca130c5906d0fa5ea6d1b,no_prior_control_within_calipers,debt_only,H25,TGT,primary
['0001104659-22-099544'],175,2022-09-15,2022-09-13,0000027419,e7dca130c5906d0fa5ea6d1b,no_prior_control_within_calipers,underwriting_only,H25,TGT,primary
['0001104659-23-006191'],266,2023-01-26,2023-01-24,0000027419,c86657859a5b413a7d502ff8,no_prior_control_within_calipers,debt_only,H25,TGT,primary
['0001104659-23-006191'],266,2023-01-26,2023-01-24,0000027419,c86657859a5b413a7d502ff8,no_prior_control_within_calipers,underwriting_only,H25,TGT,primary
['0001193125-24-234137'],695,2024-10-10,2024-10-08,0000034088,dfa781e7b9a340a38c6f1268,no_prior_control_within_calipers,debt_only,H25,XOM,primary
['0001193125-24-234137'],695,2024-10-10,2024-10-08,0000034088,dfa781e7b9a340a38c6f1268,no_prior_control_within_calipers,underwriting_only,H25,XOM,primary
['0001193125-23-032608'],279,2023-02-14,2023-02-10,0000050863,c7975fbe6a0c406d963e7f52,no_prior_control_within_calipers,debt_only,H25,INTC,primary
['0001193125-23-032608'],279,2023-02-14,2023-02-10,0000050863,c7975fbe6a0c406d963e7f52,no_prior_control_within_calipers,underwriting_only,H25,INTC,primary
['0001193125-24-029551'],529,2024-02-13,2024-02-09,0000059478,9afe3a06aed4a8a54dba801f,no_prior_control_within_calipers,debt_only,H25,LLY,primary
['0001193125-24-029551'],529,2024-02-13,2024-02-09,0000059478,9afe3a06aed4a8a54dba801f,no_prior_control_within_calipers,underwriting_only,H25,LLY,primary
