bin_training_scope,comparator,cutpoints,diagnostic,effect_id,estimate,excluded_pairs,horizon,issuers,metric,omitted_issuer,pairs,reason,reused_controls,shape,state,state_feature,status,study,support,threshold,training_observations,variant,year
,ordinary,,registered_setting_or_year,H23:overlay_increment:ordinary,0.02250047055808137,15,10,1,overlay_increment,,1,registered_pair_or_issuer_floor,0,covered_call,,,insufficient_support,H23,False,0.001,,primary,all
,ordinary,,registered_setting_or_year,H23:overlay_increment:ordinary,,8,10,0,overlay_increment,,0,registered_pair_or_issuer_floor,0,covered_call,,,insufficient_support,H23,False,0.001,,primary,2023
,ordinary,,registered_setting_or_year,H23:overlay_increment:ordinary,,8,10,0,overlay_increment,,0,registered_pair_or_issuer_floor,0,covered_call,,,insufficient_support,H23,False,0.001,,primary,2024
,ordinary,,registered_setting_or_year,H23:overlay_increment:ordinary,,7,10,0,overlay_increment,,0,registered_pair_or_issuer_floor,0,covered_call,,,insufficient_support,H23,False,0.001,,primary,2025
,ordinary,,registered_setting_or_year,H23:overlay_increment:ordinary,0.022637054194260833,15,10,1,overlay_increment,,1,registered_pair_or_issuer_floor,0,covered_call,,,insufficient_support,H23,False,0.001,,double_cost,all
,ordinary,,registered_setting_or_year,H23:overlay_increment:ordinary,,8,10,0,overlay_increment,,0,registered_pair_or_issuer_floor,0,covered_call,,,insufficient_support,H23,False,0.001,,double_cost,2023
,ordinary,,registered_setting_or_year,H23:overlay_increment:ordinary,,8,10,0,overlay_increment,,0,registered_pair_or_issuer_floor,0,covered_call,,,insufficient_support,H23,False,0.001,,double_cost,2024
,ordinary,,registered_setting_or_year,H23:overlay_increment:ordinary,,7,10,0,overlay_increment,,0,registered_pair_or_issuer_floor,0,covered_call,,,insufficient_support,H23,False,0.001,,double_cost,2025
,ordinary,,registered_setting_or_year,H23:overlay_increment:ordinary,,0,10,0,overlay_increment,,0,registered_pair_or_issuer_floor,0,covered_call,,,insufficient_support,H23,False,0.001,,delay1,all
,ordinary,,registered_setting_or_year,H23:overlay_increment:ordinary,,0,10,0,overlay_increment,,0,registered_pair_or_issuer_floor,0,covered_call,,,insufficient_support,H23,False,0.001,,delay1,2023
,ordinary,,registered_setting_or_year,H23:overlay_increment:ordinary,,0,10,0,overlay_increment,,0,registered_pair_or_issuer_floor,0,covered_call,,,insufficient_support,H23,False,0.001,,delay1,2024
,ordinary,,registered_setting_or_year,H23:overlay_increment:ordinary,,0,10,0,overlay_increment,,0,registered_pair_or_issuer_floor,0,covered_call,,,insufficient_support,H23,False,0.001,,delay1,2025
,ordinary,,registered_setting_or_year,H23:overlay_increment:ordinary,,0,10,0,overlay_increment,,0,registered_pair_or_issuer_floor,0,covered_call,,,insufficient_support,H23,False,0.001,,delay3,all
,ordinary,,registered_setting_or_year,H23:overlay_increment:ordinary,,0,10,0,overlay_increment,,0,registered_pair_or_issuer_floor,0,covered_call,,,insufficient_support,H23,False,0.001,,delay3,2023
,ordinary,,registered_setting_or_year,H23:overlay_increment:ordinary,,0,10,0,overlay_increment,,0,registered_pair_or_issuer_floor,0,covered_call,,,insufficient_support,H23,False,0.001,,delay3,2024
,ordinary,,registered_setting_or_year,H23:overlay_increment:ordinary,,0,10,0,overlay_increment,,0,registered_pair_or_issuer_floor,0,covered_call,,,insufficient_support,H23,False,0.001,,delay3,2025
,ordinary,,registered_setting_or_year,H23:overlay_increment:ordinary,,0,10,0,overlay_increment,,0,registered_pair_or_issuer_floor,0,covered_call,,,insufficient_support,H23,False,0.001,,delay5,all
,ordinary,,registered_setting_or_year,H23:overlay_increment:ordinary,,0,10,0,overlay_increment,,0,registered_pair_or_issuer_floor,0,covered_call,,,insufficient_support,H23,False,0.001,,delay5,2023
,ordinary,,registered_setting_or_year,H23:overlay_increment:ordinary,,0,10,0,overlay_increment,,0,registered_pair_or_issuer_floor,0,covered_call,,,insufficient_support,H23,False,0.001,,delay5,2024
,ordinary,,registered_setting_or_year,H23:overlay_increment:ordinary,,0,10,0,overlay_increment,,0,registered_pair_or_issuer_floor,0,covered_call,,,insufficient_support,H23,False,0.001,,delay5,2025
,ordinary,,registered_setting_or_year,H23:overlay_increment:ordinary,,0,10,0,overlay_increment,,0,registered_pair_or_issuer_floor,0,covered_call,,,insufficient_support,H23,False,0.001,,dte30,all
,ordinary,,registered_setting_or_year,H23:overlay_increment:ordinary,,0,10,0,overlay_increment,,0,registered_pair_or_issuer_floor,0,covered_call,,,insufficient_support,H23,False,0.001,,dte30,2023
,ordinary,,registered_setting_or_year,H23:overlay_increment:ordinary,,0,10,0,overlay_increment,,0,registered_pair_or_issuer_floor,0,covered_call,,,insufficient_support,H23,False,0.001,,dte30,2024
,ordinary,,registered_setting_or_year,H23:overlay_increment:ordinary,,0,10,0,overlay_increment,,0,registered_pair_or_issuer_floor,0,covered_call,,,insufficient_support,H23,False,0.001,,dte30,2025
,ordinary,,registered_setting_or_year,H23:overlay_increment:ordinary,,0,10,0,overlay_increment,,0,registered_pair_or_issuer_floor,0,covered_call,,,insufficient_support,H23,False,0.001,,dte60,all
,ordinary,,registered_setting_or_year,H23:overlay_increment:ordinary,,0,10,0,overlay_increment,,0,registered_pair_or_issuer_floor,0,covered_call,,,insufficient_support,H23,False,0.001,,dte60,2023
,ordinary,,registered_setting_or_year,H23:overlay_increment:ordinary,,0,10,0,overlay_increment,,0,registered_pair_or_issuer_floor,0,covered_call,,,insufficient_support,H23,False,0.001,,dte60,2024
,ordinary,,registered_setting_or_year,H23:overlay_increment:ordinary,,0,10,0,overlay_increment,,0,registered_pair_or_issuer_floor,0,covered_call,,,insufficient_support,H23,False,0.001,,dte60,2025
,ordinary,,registered_setting_or_year,H23:overlay_increment:ordinary,,0,10,0,overlay_increment,,0,registered_pair_or_issuer_floor,0,covered_call,,,insufficient_support,H23,False,0.001,,otm3,all
,ordinary,,registered_setting_or_year,H23:overlay_increment:ordinary,,0,10,0,overlay_increment,,0,registered_pair_or_issuer_floor,0,covered_call,,,insufficient_support,H23,False,0.001,,otm3,2023
,ordinary,,registered_setting_or_year,H23:overlay_increment:ordinary,,0,10,0,overlay_increment,,0,registered_pair_or_issuer_floor,0,covered_call,,,insufficient_support,H23,False,0.001,,otm3,2024
,ordinary,,registered_setting_or_year,H23:overlay_increment:ordinary,,0,10,0,overlay_increment,,0,registered_pair_or_issuer_floor,0,covered_call,,,insufficient_support,H23,False,0.001,,otm3,2025
,ordinary,,registered_setting_or_year,H23:overlay_increment:ordinary,,0,10,0,overlay_increment,,0,registered_pair_or_issuer_floor,0,covered_call,,,insufficient_support,H23,False,0.001,,otm10,all
,ordinary,,registered_setting_or_year,H23:overlay_increment:ordinary,,0,10,0,overlay_increment,,0,registered_pair_or_issuer_floor,0,covered_call,,,insufficient_support,H23,False,0.001,,otm10,2023
,ordinary,,registered_setting_or_year,H23:overlay_increment:ordinary,,0,10,0,overlay_increment,,0,registered_pair_or_issuer_floor,0,covered_call,,,insufficient_support,H23,False,0.001,,otm10,2024
,ordinary,,registered_setting_or_year,H23:overlay_increment:ordinary,,0,10,0,overlay_increment,,0,registered_pair_or_issuer_floor,0,covered_call,,,insufficient_support,H23,False,0.001,,otm10,2025
,ordinary,,registered_setting_or_year,H23:overlay_increment:ordinary,,0,10,0,overlay_increment,,0,registered_pair_or_issuer_floor,0,covered_call,,,insufficient_support,H23,False,0.001,,assignment_stress,all
,ordinary,,registered_setting_or_year,H23:overlay_increment:ordinary,,0,10,0,overlay_increment,,0,registered_pair_or_issuer_floor,0,covered_call,,,insufficient_support,H23,False,0.001,,assignment_stress,2023
,ordinary,,registered_setting_or_year,H23:overlay_increment:ordinary,,0,10,0,overlay_increment,,0,registered_pair_or_issuer_floor,0,covered_call,,,insufficient_support,H23,False,0.001,,assignment_stress,2024
,ordinary,,registered_setting_or_year,H23:overlay_increment:ordinary,,0,10,0,overlay_increment,,0,registered_pair_or_issuer_floor,0,covered_call,,,insufficient_support,H23,False,0.001,,assignment_stress,2025
,ordinary,,registered_setting_or_year,H23:overlay_increment:ordinary,,0,10,0,overlay_increment,,0,registered_pair_or_issuer_floor,0,covered_call,,,insufficient_support,H23,False,0.001,,size10,all
,ordinary,,registered_setting_or_year,H23:overlay_increment:ordinary,,0,10,0,overlay_increment,,0,registered_pair_or_issuer_floor,0,covered_call,,,insufficient_support,H23,False,0.001,,size10,2023
,ordinary,,registered_setting_or_year,H23:overlay_increment:ordinary,,0,10,0,overlay_increment,,0,registered_pair_or_issuer_floor,0,covered_call,,,insufficient_support,H23,False,0.001,,size10,2024
,ordinary,,registered_setting_or_year,H23:overlay_increment:ordinary,,0,10,0,overlay_increment,,0,registered_pair_or_issuer_floor,0,covered_call,,,insufficient_support,H23,False,0.001,,size10,2025
,ordinary,,leave_one_issuer_out,H23:overlay_increment:ordinary,,12,10,0,overlay_increment,0000002488,0,registered_pair_or_issuer_floor,0,covered_call,,,insufficient_support,H23,False,0.001,,primary,all
,ordinary,,leave_one_issuer_out,H23:overlay_increment:ordinary,0.02250047055808137,4,10,1,overlay_increment,0000004962,1,registered_pair_or_issuer_floor,0,covered_call,,,insufficient_support,H23,False,0.001,,primary,all
,ordinary,,leave_one_issuer_out,H23:overlay_increment:ordinary,0.02250047055808137,14,10,1,overlay_increment,0000005272,1,registered_pair_or_issuer_floor,0,covered_call,,,insufficient_support,H23,False,0.001,,primary,all
,ordinary,,registered_setting_or_year,H23:strategy_increment:ordinary,-0.011417370089568873,15,10,1,strategy_increment,,1,registered_pair_or_issuer_floor,0,covered_call,,,insufficient_support,H23,False,0.0,,primary,all
,ordinary,,registered_setting_or_year,H23:strategy_increment:ordinary,,8,10,0,strategy_increment,,0,registered_pair_or_issuer_floor,0,covered_call,,,insufficient_support,H23,False,0.0,,primary,2023
,ordinary,,registered_setting_or_year,H23:strategy_increment:ordinary,,8,10,0,strategy_increment,,0,registered_pair_or_issuer_floor,0,covered_call,,,insufficient_support,H23,False,0.0,,primary,2024
,ordinary,,registered_setting_or_year,H23:strategy_increment:ordinary,,7,10,0,strategy_increment,,0,registered_pair_or_issuer_floor,0,covered_call,,,insufficient_support,H23,False,0.0,,primary,2025
,ordinary,,registered_setting_or_year,H23:strategy_increment:ordinary,-0.011260423531247538,15,10,1,strategy_increment,,1,registered_pair_or_issuer_floor,0,covered_call,,,insufficient_support,H23,False,0.0,,double_cost,all
,ordinary,,registered_setting_or_year,H23:strategy_increment:ordinary,,8,10,0,strategy_increment,,0,registered_pair_or_issuer_floor,0,covered_call,,,insufficient_support,H23,False,0.0,,double_cost,2023
,ordinary,,registered_setting_or_year,H23:strategy_increment:ordinary,,8,10,0,strategy_increment,,0,registered_pair_or_issuer_floor,0,covered_call,,,insufficient_support,H23,False,0.0,,double_cost,2024
,ordinary,,registered_setting_or_year,H23:strategy_increment:ordinary,,7,10,0,strategy_increment,,0,registered_pair_or_issuer_floor,0,covered_call,,,insufficient_support,H23,False,0.0,,double_cost,2025
,ordinary,,registered_setting_or_year,H23:strategy_increment:ordinary,,0,10,0,strategy_increment,,0,registered_pair_or_issuer_floor,0,covered_call,,,insufficient_support,H23,False,0.0,,delay1,all
,ordinary,,registered_setting_or_year,H23:strategy_increment:ordinary,,0,10,0,strategy_increment,,0,registered_pair_or_issuer_floor,0,covered_call,,,insufficient_support,H23,False,0.0,,delay1,2023
,ordinary,,registered_setting_or_year,H23:strategy_increment:ordinary,,0,10,0,strategy_increment,,0,registered_pair_or_issuer_floor,0,covered_call,,,insufficient_support,H23,False,0.0,,delay1,2024
,ordinary,,registered_setting_or_year,H23:strategy_increment:ordinary,,0,10,0,strategy_increment,,0,registered_pair_or_issuer_floor,0,covered_call,,,insufficient_support,H23,False,0.0,,delay1,2025
,ordinary,,registered_setting_or_year,H23:strategy_increment:ordinary,,0,10,0,strategy_increment,,0,registered_pair_or_issuer_floor,0,covered_call,,,insufficient_support,H23,False,0.0,,delay3,all
,ordinary,,registered_setting_or_year,H23:strategy_increment:ordinary,,0,10,0,strategy_increment,,0,registered_pair_or_issuer_floor,0,covered_call,,,insufficient_support,H23,False,0.0,,delay3,2023
,ordinary,,registered_setting_or_year,H23:strategy_increment:ordinary,,0,10,0,strategy_increment,,0,registered_pair_or_issuer_floor,0,covered_call,,,insufficient_support,H23,False,0.0,,delay3,2024
,ordinary,,registered_setting_or_year,H23:strategy_increment:ordinary,,0,10,0,strategy_increment,,0,registered_pair_or_issuer_floor,0,covered_call,,,insufficient_support,H23,False,0.0,,delay3,2025
,ordinary,,registered_setting_or_year,H23:strategy_increment:ordinary,,0,10,0,strategy_increment,,0,registered_pair_or_issuer_floor,0,covered_call,,,insufficient_support,H23,False,0.0,,delay5,all
,ordinary,,registered_setting_or_year,H23:strategy_increment:ordinary,,0,10,0,strategy_increment,,0,registered_pair_or_issuer_floor,0,covered_call,,,insufficient_support,H23,False,0.0,,delay5,2023
,ordinary,,registered_setting_or_year,H23:strategy_increment:ordinary,,0,10,0,strategy_increment,,0,registered_pair_or_issuer_floor,0,covered_call,,,insufficient_support,H23,False,0.0,,delay5,2024
,ordinary,,registered_setting_or_year,H23:strategy_increment:ordinary,,0,10,0,strategy_increment,,0,registered_pair_or_issuer_floor,0,covered_call,,,insufficient_support,H23,False,0.0,,delay5,2025
,ordinary,,registered_setting_or_year,H23:strategy_increment:ordinary,,0,10,0,strategy_increment,,0,registered_pair_or_issuer_floor,0,covered_call,,,insufficient_support,H23,False,0.0,,dte30,all
,ordinary,,registered_setting_or_year,H23:strategy_increment:ordinary,,0,10,0,strategy_increment,,0,registered_pair_or_issuer_floor,0,covered_call,,,insufficient_support,H23,False,0.0,,dte30,2023
,ordinary,,registered_setting_or_year,H23:strategy_increment:ordinary,,0,10,0,strategy_increment,,0,registered_pair_or_issuer_floor,0,covered_call,,,insufficient_support,H23,False,0.0,,dte30,2024
,ordinary,,registered_setting_or_year,H23:strategy_increment:ordinary,,0,10,0,strategy_increment,,0,registered_pair_or_issuer_floor,0,covered_call,,,insufficient_support,H23,False,0.0,,dte30,2025
,ordinary,,registered_setting_or_year,H23:strategy_increment:ordinary,,0,10,0,strategy_increment,,0,registered_pair_or_issuer_floor,0,covered_call,,,insufficient_support,H23,False,0.0,,dte60,all
,ordinary,,registered_setting_or_year,H23:strategy_increment:ordinary,,0,10,0,strategy_increment,,0,registered_pair_or_issuer_floor,0,covered_call,,,insufficient_support,H23,False,0.0,,dte60,2023
,ordinary,,registered_setting_or_year,H23:strategy_increment:ordinary,,0,10,0,strategy_increment,,0,registered_pair_or_issuer_floor,0,covered_call,,,insufficient_support,H23,False,0.0,,dte60,2024
,ordinary,,registered_setting_or_year,H23:strategy_increment:ordinary,,0,10,0,strategy_increment,,0,registered_pair_or_issuer_floor,0,covered_call,,,insufficient_support,H23,False,0.0,,dte60,2025
,ordinary,,registered_setting_or_year,H23:strategy_increment:ordinary,,0,10,0,strategy_increment,,0,registered_pair_or_issuer_floor,0,covered_call,,,insufficient_support,H23,False,0.0,,otm3,all
,ordinary,,registered_setting_or_year,H23:strategy_increment:ordinary,,0,10,0,strategy_increment,,0,registered_pair_or_issuer_floor,0,covered_call,,,insufficient_support,H23,False,0.0,,otm3,2023
,ordinary,,registered_setting_or_year,H23:strategy_increment:ordinary,,0,10,0,strategy_increment,,0,registered_pair_or_issuer_floor,0,covered_call,,,insufficient_support,H23,False,0.0,,otm3,2024
,ordinary,,registered_setting_or_year,H23:strategy_increment:ordinary,,0,10,0,strategy_increment,,0,registered_pair_or_issuer_floor,0,covered_call,,,insufficient_support,H23,False,0.0,,otm3,2025
,ordinary,,registered_setting_or_year,H23:strategy_increment:ordinary,,0,10,0,strategy_increment,,0,registered_pair_or_issuer_floor,0,covered_call,,,insufficient_support,H23,False,0.0,,otm10,all
,ordinary,,registered_setting_or_year,H23:strategy_increment:ordinary,,0,10,0,strategy_increment,,0,registered_pair_or_issuer_floor,0,covered_call,,,insufficient_support,H23,False,0.0,,otm10,2023
,ordinary,,registered_setting_or_year,H23:strategy_increment:ordinary,,0,10,0,strategy_increment,,0,registered_pair_or_issuer_floor,0,covered_call,,,insufficient_support,H23,False,0.0,,otm10,2024
,ordinary,,registered_setting_or_year,H23:strategy_increment:ordinary,,0,10,0,strategy_increment,,0,registered_pair_or_issuer_floor,0,covered_call,,,insufficient_support,H23,False,0.0,,otm10,2025
,ordinary,,registered_setting_or_year,H23:strategy_increment:ordinary,,0,10,0,strategy_increment,,0,registered_pair_or_issuer_floor,0,covered_call,,,insufficient_support,H23,False,0.0,,assignment_stress,all
,ordinary,,registered_setting_or_year,H23:strategy_increment:ordinary,,0,10,0,strategy_increment,,0,registered_pair_or_issuer_floor,0,covered_call,,,insufficient_support,H23,False,0.0,,assignment_stress,2023
,ordinary,,registered_setting_or_year,H23:strategy_increment:ordinary,,0,10,0,strategy_increment,,0,registered_pair_or_issuer_floor,0,covered_call,,,insufficient_support,H23,False,0.0,,assignment_stress,2024
,ordinary,,registered_setting_or_year,H23:strategy_increment:ordinary,,0,10,0,strategy_increment,,0,registered_pair_or_issuer_floor,0,covered_call,,,insufficient_support,H23,False,0.0,,assignment_stress,2025
,ordinary,,registered_setting_or_year,H23:strategy_increment:ordinary,,0,10,0,strategy_increment,,0,registered_pair_or_issuer_floor,0,covered_call,,,insufficient_support,H23,False,0.0,,size10,all
,ordinary,,registered_setting_or_year,H23:strategy_increment:ordinary,,0,10,0,strategy_increment,,0,registered_pair_or_issuer_floor,0,covered_call,,,insufficient_support,H23,False,0.0,,size10,2023
,ordinary,,registered_setting_or_year,H23:strategy_increment:ordinary,,0,10,0,strategy_increment,,0,registered_pair_or_issuer_floor,0,covered_call,,,insufficient_support,H23,False,0.0,,size10,2024
,ordinary,,registered_setting_or_year,H23:strategy_increment:ordinary,,0,10,0,strategy_increment,,0,registered_pair_or_issuer_floor,0,covered_call,,,insufficient_support,H23,False,0.0,,size10,2025
,ordinary,,leave_one_issuer_out,H23:strategy_increment:ordinary,,12,10,0,strategy_increment,0000002488,0,registered_pair_or_issuer_floor,0,covered_call,,,insufficient_support,H23,False,0.0,,primary,all
,ordinary,,leave_one_issuer_out,H23:strategy_increment:ordinary,-0.011417370089568873,4,10,1,strategy_increment,0000004962,1,registered_pair_or_issuer_floor,0,covered_call,,,insufficient_support,H23,False,0.0,,primary,all
,ordinary,,leave_one_issuer_out,H23:strategy_increment:ordinary,-0.011417370089568873,14,10,1,strategy_increment,0000005272,1,registered_pair_or_issuer_floor,0,covered_call,,,insufficient_support,H23,False,0.0,,primary,all
,ordinary,,registered_setting_or_year,H23:hedge_increment:ordinary,-0.022451322063657995,14,10,1,hedge_increment,,2,registered_pair_or_issuer_floor,0,protective_put,,,insufficient_support,H23,False,0.0,,primary,all
,ordinary,,registered_setting_or_year,H23:hedge_increment:ordinary,,8,10,0,hedge_increment,,0,registered_pair_or_issuer_floor,0,protective_put,,,insufficient_support,H23,False,0.0,,primary,2023
,ordinary,,registered_setting_or_year,H23:hedge_increment:ordinary,,8,10,0,hedge_increment,,0,registered_pair_or_issuer_floor,0,protective_put,,,insufficient_support,H23,False,0.0,,primary,2024
,ordinary,,registered_setting_or_year,H23:hedge_increment:ordinary,0.010580505752879906,6,10,1,hedge_increment,,1,registered_pair_or_issuer_floor,0,protective_put,,,insufficient_support,H23,False,0.0,,primary,2025
,ordinary,,registered_setting_or_year,H23:hedge_increment:ordinary,-0.020744779803783527,14,10,1,hedge_increment,,2,registered_pair_or_issuer_floor,0,protective_put,,,insufficient_support,H23,False,0.0,,double_cost,all
,ordinary,,registered_setting_or_year,H23:hedge_increment:ordinary,,8,10,0,hedge_increment,,0,registered_pair_or_issuer_floor,0,protective_put,,,insufficient_support,H23,False,0.0,,double_cost,2023
,ordinary,,registered_setting_or_year,H23:hedge_increment:ordinary,,8,10,0,hedge_increment,,0,registered_pair_or_issuer_floor,0,protective_put,,,insufficient_support,H23,False,0.0,,double_cost,2024
,ordinary,,registered_setting_or_year,H23:hedge_increment:ordinary,0.01542432539810109,6,10,1,hedge_increment,,1,registered_pair_or_issuer_floor,0,protective_put,,,insufficient_support,H23,False,0.0,,double_cost,2025
,ordinary,,registered_setting_or_year,H23:hedge_increment:ordinary,,0,10,0,hedge_increment,,0,registered_pair_or_issuer_floor,0,protective_put,,,insufficient_support,H23,False,0.0,,delay1,all
,ordinary,,registered_setting_or_year,H23:hedge_increment:ordinary,,0,10,0,hedge_increment,,0,registered_pair_or_issuer_floor,0,protective_put,,,insufficient_support,H23,False,0.0,,delay1,2023
,ordinary,,registered_setting_or_year,H23:hedge_increment:ordinary,,0,10,0,hedge_increment,,0,registered_pair_or_issuer_floor,0,protective_put,,,insufficient_support,H23,False,0.0,,delay1,2024
,ordinary,,registered_setting_or_year,H23:hedge_increment:ordinary,,0,10,0,hedge_increment,,0,registered_pair_or_issuer_floor,0,protective_put,,,insufficient_support,H23,False,0.0,,delay1,2025
,ordinary,,registered_setting_or_year,H23:hedge_increment:ordinary,,0,10,0,hedge_increment,,0,registered_pair_or_issuer_floor,0,protective_put,,,insufficient_support,H23,False,0.0,,delay3,all
,ordinary,,registered_setting_or_year,H23:hedge_increment:ordinary,,0,10,0,hedge_increment,,0,registered_pair_or_issuer_floor,0,protective_put,,,insufficient_support,H23,False,0.0,,delay3,2023
,ordinary,,registered_setting_or_year,H23:hedge_increment:ordinary,,0,10,0,hedge_increment,,0,registered_pair_or_issuer_floor,0,protective_put,,,insufficient_support,H23,False,0.0,,delay3,2024
,ordinary,,registered_setting_or_year,H23:hedge_increment:ordinary,,0,10,0,hedge_increment,,0,registered_pair_or_issuer_floor,0,protective_put,,,insufficient_support,H23,False,0.0,,delay3,2025
,ordinary,,registered_setting_or_year,H23:hedge_increment:ordinary,,0,10,0,hedge_increment,,0,registered_pair_or_issuer_floor,0,protective_put,,,insufficient_support,H23,False,0.0,,delay5,all
,ordinary,,registered_setting_or_year,H23:hedge_increment:ordinary,,0,10,0,hedge_increment,,0,registered_pair_or_issuer_floor,0,protective_put,,,insufficient_support,H23,False,0.0,,delay5,2023
,ordinary,,registered_setting_or_year,H23:hedge_increment:ordinary,,0,10,0,hedge_increment,,0,registered_pair_or_issuer_floor,0,protective_put,,,insufficient_support,H23,False,0.0,,delay5,2024
,ordinary,,registered_setting_or_year,H23:hedge_increment:ordinary,,0,10,0,hedge_increment,,0,registered_pair_or_issuer_floor,0,protective_put,,,insufficient_support,H23,False,0.0,,delay5,2025
,ordinary,,registered_setting_or_year,H23:hedge_increment:ordinary,,0,10,0,hedge_increment,,0,registered_pair_or_issuer_floor,0,protective_put,,,insufficient_support,H23,False,0.0,,dte30,all
,ordinary,,registered_setting_or_year,H23:hedge_increment:ordinary,,0,10,0,hedge_increment,,0,registered_pair_or_issuer_floor,0,protective_put,,,insufficient_support,H23,False,0.0,,dte30,2023
,ordinary,,registered_setting_or_year,H23:hedge_increment:ordinary,,0,10,0,hedge_increment,,0,registered_pair_or_issuer_floor,0,protective_put,,,insufficient_support,H23,False,0.0,,dte30,2024
,ordinary,,registered_setting_or_year,H23:hedge_increment:ordinary,,0,10,0,hedge_increment,,0,registered_pair_or_issuer_floor,0,protective_put,,,insufficient_support,H23,False,0.0,,dte30,2025
,ordinary,,registered_setting_or_year,H23:hedge_increment:ordinary,,0,10,0,hedge_increment,,0,registered_pair_or_issuer_floor,0,protective_put,,,insufficient_support,H23,False,0.0,,dte60,all
,ordinary,,registered_setting_or_year,H23:hedge_increment:ordinary,,0,10,0,hedge_increment,,0,registered_pair_or_issuer_floor,0,protective_put,,,insufficient_support,H23,False,0.0,,dte60,2023
,ordinary,,registered_setting_or_year,H23:hedge_increment:ordinary,,0,10,0,hedge_increment,,0,registered_pair_or_issuer_floor,0,protective_put,,,insufficient_support,H23,False,0.0,,dte60,2024
,ordinary,,registered_setting_or_year,H23:hedge_increment:ordinary,,0,10,0,hedge_increment,,0,registered_pair_or_issuer_floor,0,protective_put,,,insufficient_support,H23,False,0.0,,dte60,2025
,ordinary,,registered_setting_or_year,H23:hedge_increment:ordinary,,0,10,0,hedge_increment,,0,registered_pair_or_issuer_floor,0,protective_put,,,insufficient_support,H23,False,0.0,,otm3,all
,ordinary,,registered_setting_or_year,H23:hedge_increment:ordinary,,0,10,0,hedge_increment,,0,registered_pair_or_issuer_floor,0,protective_put,,,insufficient_support,H23,False,0.0,,otm3,2023
,ordinary,,registered_setting_or_year,H23:hedge_increment:ordinary,,0,10,0,hedge_increment,,0,registered_pair_or_issuer_floor,0,protective_put,,,insufficient_support,H23,False,0.0,,otm3,2024
,ordinary,,registered_setting_or_year,H23:hedge_increment:ordinary,,0,10,0,hedge_increment,,0,registered_pair_or_issuer_floor,0,protective_put,,,insufficient_support,H23,False,0.0,,otm3,2025
,ordinary,,registered_setting_or_year,H23:hedge_increment:ordinary,,0,10,0,hedge_increment,,0,registered_pair_or_issuer_floor,0,protective_put,,,insufficient_support,H23,False,0.0,,otm10,all
,ordinary,,registered_setting_or_year,H23:hedge_increment:ordinary,,0,10,0,hedge_increment,,0,registered_pair_or_issuer_floor,0,protective_put,,,insufficient_support,H23,False,0.0,,otm10,2023
,ordinary,,registered_setting_or_year,H23:hedge_increment:ordinary,,0,10,0,hedge_increment,,0,registered_pair_or_issuer_floor,0,protective_put,,,insufficient_support,H23,False,0.0,,otm10,2024
,ordinary,,registered_setting_or_year,H23:hedge_increment:ordinary,,0,10,0,hedge_increment,,0,registered_pair_or_issuer_floor,0,protective_put,,,insufficient_support,H23,False,0.0,,otm10,2025
,ordinary,,registered_setting_or_year,H23:hedge_increment:ordinary,,0,10,0,hedge_increment,,0,registered_pair_or_issuer_floor,0,protective_put,,,insufficient_support,H23,False,0.0,,assignment_stress,all
,ordinary,,registered_setting_or_year,H23:hedge_increment:ordinary,,0,10,0,hedge_increment,,0,registered_pair_or_issuer_floor,0,protective_put,,,insufficient_support,H23,False,0.0,,assignment_stress,2023
,ordinary,,registered_setting_or_year,H23:hedge_increment:ordinary,,0,10,0,hedge_increment,,0,registered_pair_or_issuer_floor,0,protective_put,,,insufficient_support,H23,False,0.0,,assignment_stress,2024
,ordinary,,registered_setting_or_year,H23:hedge_increment:ordinary,,0,10,0,hedge_increment,,0,registered_pair_or_issuer_floor,0,protective_put,,,insufficient_support,H23,False,0.0,,assignment_stress,2025
,ordinary,,registered_setting_or_year,H23:hedge_increment:ordinary,,0,10,0,hedge_increment,,0,registered_pair_or_issuer_floor,0,protective_put,,,insufficient_support,H23,False,0.0,,size10,all
,ordinary,,registered_setting_or_year,H23:hedge_increment:ordinary,,0,10,0,hedge_increment,,0,registered_pair_or_issuer_floor,0,protective_put,,,insufficient_support,H23,False,0.0,,size10,2023
,ordinary,,registered_setting_or_year,H23:hedge_increment:ordinary,,0,10,0,hedge_increment,,0,registered_pair_or_issuer_floor,0,protective_put,,,insufficient_support,H23,False,0.0,,size10,2024
,ordinary,,registered_setting_or_year,H23:hedge_increment:ordinary,,0,10,0,hedge_increment,,0,registered_pair_or_issuer_floor,0,protective_put,,,insufficient_support,H23,False,0.0,,size10,2025
,ordinary,,leave_one_issuer_out,H23:hedge_increment:ordinary,,12,10,0,hedge_increment,0000002488,0,registered_pair_or_issuer_floor,0,protective_put,,,insufficient_support,H23,False,0.0,,primary,all
,ordinary,,leave_one_issuer_out,H23:hedge_increment:ordinary,-0.022451322063657995,3,10,1,hedge_increment,0000004962,2,registered_pair_or_issuer_floor,0,protective_put,,,insufficient_support,H23,False,0.0,,primary,all
,ordinary,,leave_one_issuer_out,H23:hedge_increment:ordinary,-0.022451322063657995,13,10,1,hedge_increment,0000005272,2,registered_pair_or_issuer_floor,0,protective_put,,,insufficient_support,H23,False,0.0,,primary,all
,ordinary,,registered_setting_or_year,H23:event_downside_reduction:ordinary,-0.00041016607735958055,14,10,1,event_downside_reduction,,2,registered_pair_or_issuer_floor,0,protective_put,,,insufficient_support,H23,False,0.0025,,primary,all
,ordinary,,registered_setting_or_year,H23:event_downside_reduction:ordinary,,8,10,0,event_downside_reduction,,0,registered_pair_or_issuer_floor,0,protective_put,,,insufficient_support,H23,False,0.0025,,primary,2023
,ordinary,,registered_setting_or_year,H23:event_downside_reduction:ordinary,,8,10,0,event_downside_reduction,,0,registered_pair_or_issuer_floor,0,protective_put,,,insufficient_support,H23,False,0.0025,,primary,2024
,ordinary,,registered_setting_or_year,H23:event_downside_reduction:ordinary,0.00016253943971698825,6,10,1,event_downside_reduction,,1,registered_pair_or_issuer_floor,0,protective_put,,,insufficient_support,H23,False,0.0025,,primary,2025
,ordinary,,registered_setting_or_year,H23:event_downside_reduction:ordinary,-0.011448187796202146,14,10,1,event_downside_reduction,,2,registered_pair_or_issuer_floor,0,protective_put,,,insufficient_support,H23,False,0.0025,,double_cost,all
,ordinary,,registered_setting_or_year,H23:event_downside_reduction:ordinary,,8,10,0,event_downside_reduction,,0,registered_pair_or_issuer_floor,0,protective_put,,,insufficient_support,H23,False,0.0025,,double_cost,2023
,ordinary,,registered_setting_or_year,H23:event_downside_reduction:ordinary,,8,10,0,event_downside_reduction,,0,registered_pair_or_issuer_floor,0,protective_put,,,insufficient_support,H23,False,0.0025,,double_cost,2024
,ordinary,,registered_setting_or_year,H23:event_downside_reduction:ordinary,-0.005411607228224497,6,10,1,event_downside_reduction,,1,registered_pair_or_issuer_floor,0,protective_put,,,insufficient_support,H23,False,0.0025,,double_cost,2025
,ordinary,,registered_setting_or_year,H23:event_downside_reduction:ordinary,,0,10,0,event_downside_reduction,,0,registered_pair_or_issuer_floor,0,protective_put,,,insufficient_support,H23,False,0.0025,,delay1,all
,ordinary,,registered_setting_or_year,H23:event_downside_reduction:ordinary,,0,10,0,event_downside_reduction,,0,registered_pair_or_issuer_floor,0,protective_put,,,insufficient_support,H23,False,0.0025,,delay1,2023
,ordinary,,registered_setting_or_year,H23:event_downside_reduction:ordinary,,0,10,0,event_downside_reduction,,0,registered_pair_or_issuer_floor,0,protective_put,,,insufficient_support,H23,False,0.0025,,delay1,2024
,ordinary,,registered_setting_or_year,H23:event_downside_reduction:ordinary,,0,10,0,event_downside_reduction,,0,registered_pair_or_issuer_floor,0,protective_put,,,insufficient_support,H23,False,0.0025,,delay1,2025
,ordinary,,registered_setting_or_year,H23:event_downside_reduction:ordinary,,0,10,0,event_downside_reduction,,0,registered_pair_or_issuer_floor,0,protective_put,,,insufficient_support,H23,False,0.0025,,delay3,all
,ordinary,,registered_setting_or_year,H23:event_downside_reduction:ordinary,,0,10,0,event_downside_reduction,,0,registered_pair_or_issuer_floor,0,protective_put,,,insufficient_support,H23,False,0.0025,,delay3,2023
,ordinary,,registered_setting_or_year,H23:event_downside_reduction:ordinary,,0,10,0,event_downside_reduction,,0,registered_pair_or_issuer_floor,0,protective_put,,,insufficient_support,H23,False,0.0025,,delay3,2024
,ordinary,,registered_setting_or_year,H23:event_downside_reduction:ordinary,,0,10,0,event_downside_reduction,,0,registered_pair_or_issuer_floor,0,protective_put,,,insufficient_support,H23,False,0.0025,,delay3,2025
,ordinary,,registered_setting_or_year,H23:event_downside_reduction:ordinary,,0,10,0,event_downside_reduction,,0,registered_pair_or_issuer_floor,0,protective_put,,,insufficient_support,H23,False,0.0025,,delay5,all
,ordinary,,registered_setting_or_year,H23:event_downside_reduction:ordinary,,0,10,0,event_downside_reduction,,0,registered_pair_or_issuer_floor,0,protective_put,,,insufficient_support,H23,False,0.0025,,delay5,2023
,ordinary,,registered_setting_or_year,H23:event_downside_reduction:ordinary,,0,10,0,event_downside_reduction,,0,registered_pair_or_issuer_floor,0,protective_put,,,insufficient_support,H23,False,0.0025,,delay5,2024
,ordinary,,registered_setting_or_year,H23:event_downside_reduction:ordinary,,0,10,0,event_downside_reduction,,0,registered_pair_or_issuer_floor,0,protective_put,,,insufficient_support,H23,False,0.0025,,delay5,2025
,ordinary,,registered_setting_or_year,H23:event_downside_reduction:ordinary,,0,10,0,event_downside_reduction,,0,registered_pair_or_issuer_floor,0,protective_put,,,insufficient_support,H23,False,0.0025,,dte30,all
,ordinary,,registered_setting_or_year,H23:event_downside_reduction:ordinary,,0,10,0,event_downside_reduction,,0,registered_pair_or_issuer_floor,0,protective_put,,,insufficient_support,H23,False,0.0025,,dte30,2023
,ordinary,,registered_setting_or_year,H23:event_downside_reduction:ordinary,,0,10,0,event_downside_reduction,,0,registered_pair_or_issuer_floor,0,protective_put,,,insufficient_support,H23,False,0.0025,,dte30,2024
,ordinary,,registered_setting_or_year,H23:event_downside_reduction:ordinary,,0,10,0,event_downside_reduction,,0,registered_pair_or_issuer_floor,0,protective_put,,,insufficient_support,H23,False,0.0025,,dte30,2025
,ordinary,,registered_setting_or_year,H23:event_downside_reduction:ordinary,,0,10,0,event_downside_reduction,,0,registered_pair_or_issuer_floor,0,protective_put,,,insufficient_support,H23,False,0.0025,,dte60,all
,ordinary,,registered_setting_or_year,H23:event_downside_reduction:ordinary,,0,10,0,event_downside_reduction,,0,registered_pair_or_issuer_floor,0,protective_put,,,insufficient_support,H23,False,0.0025,,dte60,2023
,ordinary,,registered_setting_or_year,H23:event_downside_reduction:ordinary,,0,10,0,event_downside_reduction,,0,registered_pair_or_issuer_floor,0,protective_put,,,insufficient_support,H23,False,0.0025,,dte60,2024
,ordinary,,registered_setting_or_year,H23:event_downside_reduction:ordinary,,0,10,0,event_downside_reduction,,0,registered_pair_or_issuer_floor,0,protective_put,,,insufficient_support,H23,False,0.0025,,dte60,2025
,ordinary,,registered_setting_or_year,H23:event_downside_reduction:ordinary,,0,10,0,event_downside_reduction,,0,registered_pair_or_issuer_floor,0,protective_put,,,insufficient_support,H23,False,0.0025,,otm3,all
,ordinary,,registered_setting_or_year,H23:event_downside_reduction:ordinary,,0,10,0,event_downside_reduction,,0,registered_pair_or_issuer_floor,0,protective_put,,,insufficient_support,H23,False,0.0025,,otm3,2023
,ordinary,,registered_setting_or_year,H23:event_downside_reduction:ordinary,,0,10,0,event_downside_reduction,,0,registered_pair_or_issuer_floor,0,protective_put,,,insufficient_support,H23,False,0.0025,,otm3,2024
,ordinary,,registered_setting_or_year,H23:event_downside_reduction:ordinary,,0,10,0,event_downside_reduction,,0,registered_pair_or_issuer_floor,0,protective_put,,,insufficient_support,H23,False,0.0025,,otm3,2025
,ordinary,,registered_setting_or_year,H23:event_downside_reduction:ordinary,,0,10,0,event_downside_reduction,,0,registered_pair_or_issuer_floor,0,protective_put,,,insufficient_support,H23,False,0.0025,,otm10,all
,ordinary,,registered_setting_or_year,H23:event_downside_reduction:ordinary,,0,10,0,event_downside_reduction,,0,registered_pair_or_issuer_floor,0,protective_put,,,insufficient_support,H23,False,0.0025,,otm10,2023
,ordinary,,registered_setting_or_year,H23:event_downside_reduction:ordinary,,0,10,0,event_downside_reduction,,0,registered_pair_or_issuer_floor,0,protective_put,,,insufficient_support,H23,False,0.0025,,otm10,2024
,ordinary,,registered_setting_or_year,H23:event_downside_reduction:ordinary,,0,10,0,event_downside_reduction,,0,registered_pair_or_issuer_floor,0,protective_put,,,insufficient_support,H23,False,0.0025,,otm10,2025
,ordinary,,registered_setting_or_year,H23:event_downside_reduction:ordinary,,0,10,0,event_downside_reduction,,0,registered_pair_or_issuer_floor,0,protective_put,,,insufficient_support,H23,False,0.0025,,assignment_stress,all
,ordinary,,registered_setting_or_year,H23:event_downside_reduction:ordinary,,0,10,0,event_downside_reduction,,0,registered_pair_or_issuer_floor,0,protective_put,,,insufficient_support,H23,False,0.0025,,assignment_stress,2023
,ordinary,,registered_setting_or_year,H23:event_downside_reduction:ordinary,,0,10,0,event_downside_reduction,,0,registered_pair_or_issuer_floor,0,protective_put,,,insufficient_support,H23,False,0.0025,,assignment_stress,2024
,ordinary,,registered_setting_or_year,H23:event_downside_reduction:ordinary,,0,10,0,event_downside_reduction,,0,registered_pair_or_issuer_floor,0,protective_put,,,insufficient_support,H23,False,0.0025,,assignment_stress,2025
,ordinary,,registered_setting_or_year,H23:event_downside_reduction:ordinary,,0,10,0,event_downside_reduction,,0,registered_pair_or_issuer_floor,0,protective_put,,,insufficient_support,H23,False,0.0025,,size10,all
,ordinary,,registered_setting_or_year,H23:event_downside_reduction:ordinary,,0,10,0,event_downside_reduction,,0,registered_pair_or_issuer_floor,0,protective_put,,,insufficient_support,H23,False,0.0025,,size10,2023
,ordinary,,registered_setting_or_year,H23:event_downside_reduction:ordinary,,0,10,0,event_downside_reduction,,0,registered_pair_or_issuer_floor,0,protective_put,,,insufficient_support,H23,False,0.0025,,size10,2024
,ordinary,,registered_setting_or_year,H23:event_downside_reduction:ordinary,,0,10,0,event_downside_reduction,,0,registered_pair_or_issuer_floor,0,protective_put,,,insufficient_support,H23,False,0.0025,,size10,2025
,ordinary,,leave_one_issuer_out,H23:event_downside_reduction:ordinary,,12,10,0,event_downside_reduction,0000002488,0,registered_pair_or_issuer_floor,0,protective_put,,,insufficient_support,H23,False,0.0025,,primary,all
,ordinary,,leave_one_issuer_out,H23:event_downside_reduction:ordinary,-0.00041016607735958055,3,10,1,event_downside_reduction,0000004962,2,registered_pair_or_issuer_floor,0,protective_put,,,insufficient_support,H23,False,0.0025,,primary,all
,ordinary,,leave_one_issuer_out,H23:event_downside_reduction:ordinary,-0.00041016607735958055,13,10,1,event_downside_reduction,0000005272,2,registered_pair_or_issuer_floor,0,protective_put,,,insufficient_support,H23,False,0.0025,,primary,all
,ordinary,,registered_setting_or_year,H23:event_return_drag:ordinary,-0.00041016607735958055,14,10,1,event_return_drag,,2,registered_pair_or_issuer_floor,0,protective_put,,,insufficient_support,H23,False,-0.005,,primary,all
,ordinary,,registered_setting_or_year,H23:event_return_drag:ordinary,,8,10,0,event_return_drag,,0,registered_pair_or_issuer_floor,0,protective_put,,,insufficient_support,H23,False,-0.005,,primary,2023
,ordinary,,registered_setting_or_year,H23:event_return_drag:ordinary,,8,10,0,event_return_drag,,0,registered_pair_or_issuer_floor,0,protective_put,,,insufficient_support,H23,False,-0.005,,primary,2024
,ordinary,,registered_setting_or_year,H23:event_return_drag:ordinary,0.00016253943971698825,6,10,1,event_return_drag,,1,registered_pair_or_issuer_floor,0,protective_put,,,insufficient_support,H23,False,-0.005,,primary,2025
,ordinary,,registered_setting_or_year,H23:event_return_drag:ordinary,-0.011448187796202146,14,10,1,event_return_drag,,2,registered_pair_or_issuer_floor,0,protective_put,,,insufficient_support,H23,False,-0.005,,double_cost,all
,ordinary,,registered_setting_or_year,H23:event_return_drag:ordinary,,8,10,0,event_return_drag,,0,registered_pair_or_issuer_floor,0,protective_put,,,insufficient_support,H23,False,-0.005,,double_cost,2023
,ordinary,,registered_setting_or_year,H23:event_return_drag:ordinary,,8,10,0,event_return_drag,,0,registered_pair_or_issuer_floor,0,protective_put,,,insufficient_support,H23,False,-0.005,,double_cost,2024
,ordinary,,registered_setting_or_year,H23:event_return_drag:ordinary,-0.005411607228224497,6,10,1,event_return_drag,,1,registered_pair_or_issuer_floor,0,protective_put,,,insufficient_support,H23,False,-0.005,,double_cost,2025
,ordinary,,registered_setting_or_year,H23:event_return_drag:ordinary,,0,10,0,event_return_drag,,0,registered_pair_or_issuer_floor,0,protective_put,,,insufficient_support,H23,False,-0.005,,delay1,all
,ordinary,,registered_setting_or_year,H23:event_return_drag:ordinary,,0,10,0,event_return_drag,,0,registered_pair_or_issuer_floor,0,protective_put,,,insufficient_support,H23,False,-0.005,,delay1,2023
,ordinary,,registered_setting_or_year,H23:event_return_drag:ordinary,,0,10,0,event_return_drag,,0,registered_pair_or_issuer_floor,0,protective_put,,,insufficient_support,H23,False,-0.005,,delay1,2024
,ordinary,,registered_setting_or_year,H23:event_return_drag:ordinary,,0,10,0,event_return_drag,,0,registered_pair_or_issuer_floor,0,protective_put,,,insufficient_support,H23,False,-0.005,,delay1,2025
,ordinary,,registered_setting_or_year,H23:event_return_drag:ordinary,,0,10,0,event_return_drag,,0,registered_pair_or_issuer_floor,0,protective_put,,,insufficient_support,H23,False,-0.005,,delay3,all
,ordinary,,registered_setting_or_year,H23:event_return_drag:ordinary,,0,10,0,event_return_drag,,0,registered_pair_or_issuer_floor,0,protective_put,,,insufficient_support,H23,False,-0.005,,delay3,2023
,ordinary,,registered_setting_or_year,H23:event_return_drag:ordinary,,0,10,0,event_return_drag,,0,registered_pair_or_issuer_floor,0,protective_put,,,insufficient_support,H23,False,-0.005,,delay3,2024
,ordinary,,registered_setting_or_year,H23:event_return_drag:ordinary,,0,10,0,event_return_drag,,0,registered_pair_or_issuer_floor,0,protective_put,,,insufficient_support,H23,False,-0.005,,delay3,2025
,ordinary,,registered_setting_or_year,H23:event_return_drag:ordinary,,0,10,0,event_return_drag,,0,registered_pair_or_issuer_floor,0,protective_put,,,insufficient_support,H23,False,-0.005,,delay5,all
,ordinary,,registered_setting_or_year,H23:event_return_drag:ordinary,,0,10,0,event_return_drag,,0,registered_pair_or_issuer_floor,0,protective_put,,,insufficient_support,H23,False,-0.005,,delay5,2023
,ordinary,,registered_setting_or_year,H23:event_return_drag:ordinary,,0,10,0,event_return_drag,,0,registered_pair_or_issuer_floor,0,protective_put,,,insufficient_support,H23,False,-0.005,,delay5,2024
,ordinary,,registered_setting_or_year,H23:event_return_drag:ordinary,,0,10,0,event_return_drag,,0,registered_pair_or_issuer_floor,0,protective_put,,,insufficient_support,H23,False,-0.005,,delay5,2025
,ordinary,,registered_setting_or_year,H23:event_return_drag:ordinary,,0,10,0,event_return_drag,,0,registered_pair_or_issuer_floor,0,protective_put,,,insufficient_support,H23,False,-0.005,,dte30,all
,ordinary,,registered_setting_or_year,H23:event_return_drag:ordinary,,0,10,0,event_return_drag,,0,registered_pair_or_issuer_floor,0,protective_put,,,insufficient_support,H23,False,-0.005,,dte30,2023
,ordinary,,registered_setting_or_year,H23:event_return_drag:ordinary,,0,10,0,event_return_drag,,0,registered_pair_or_issuer_floor,0,protective_put,,,insufficient_support,H23,False,-0.005,,dte30,2024
,ordinary,,registered_setting_or_year,H23:event_return_drag:ordinary,,0,10,0,event_return_drag,,0,registered_pair_or_issuer_floor,0,protective_put,,,insufficient_support,H23,False,-0.005,,dte30,2025
,ordinary,,registered_setting_or_year,H23:event_return_drag:ordinary,,0,10,0,event_return_drag,,0,registered_pair_or_issuer_floor,0,protective_put,,,insufficient_support,H23,False,-0.005,,dte60,all
,ordinary,,registered_setting_or_year,H23:event_return_drag:ordinary,,0,10,0,event_return_drag,,0,registered_pair_or_issuer_floor,0,protective_put,,,insufficient_support,H23,False,-0.005,,dte60,2023
,ordinary,,registered_setting_or_year,H23:event_return_drag:ordinary,,0,10,0,event_return_drag,,0,registered_pair_or_issuer_floor,0,protective_put,,,insufficient_support,H23,False,-0.005,,dte60,2024
,ordinary,,registered_setting_or_year,H23:event_return_drag:ordinary,,0,10,0,event_return_drag,,0,registered_pair_or_issuer_floor,0,protective_put,,,insufficient_support,H23,False,-0.005,,dte60,2025
,ordinary,,registered_setting_or_year,H23:event_return_drag:ordinary,,0,10,0,event_return_drag,,0,registered_pair_or_issuer_floor,0,protective_put,,,insufficient_support,H23,False,-0.005,,otm3,all
,ordinary,,registered_setting_or_year,H23:event_return_drag:ordinary,,0,10,0,event_return_drag,,0,registered_pair_or_issuer_floor,0,protective_put,,,insufficient_support,H23,False,-0.005,,otm3,2023
,ordinary,,registered_setting_or_year,H23:event_return_drag:ordinary,,0,10,0,event_return_drag,,0,registered_pair_or_issuer_floor,0,protective_put,,,insufficient_support,H23,False,-0.005,,otm3,2024
,ordinary,,registered_setting_or_year,H23:event_return_drag:ordinary,,0,10,0,event_return_drag,,0,registered_pair_or_issuer_floor,0,protective_put,,,insufficient_support,H23,False,-0.005,,otm3,2025
,ordinary,,registered_setting_or_year,H23:event_return_drag:ordinary,,0,10,0,event_return_drag,,0,registered_pair_or_issuer_floor,0,protective_put,,,insufficient_support,H23,False,-0.005,,otm10,all
,ordinary,,registered_setting_or_year,H23:event_return_drag:ordinary,,0,10,0,event_return_drag,,0,registered_pair_or_issuer_floor,0,protective_put,,,insufficient_support,H23,False,-0.005,,otm10,2023
,ordinary,,registered_setting_or_year,H23:event_return_drag:ordinary,,0,10,0,event_return_drag,,0,registered_pair_or_issuer_floor,0,protective_put,,,insufficient_support,H23,False,-0.005,,otm10,2024
,ordinary,,registered_setting_or_year,H23:event_return_drag:ordinary,,0,10,0,event_return_drag,,0,registered_pair_or_issuer_floor,0,protective_put,,,insufficient_support,H23,False,-0.005,,otm10,2025
,ordinary,,registered_setting_or_year,H23:event_return_drag:ordinary,,0,10,0,event_return_drag,,0,registered_pair_or_issuer_floor,0,protective_put,,,insufficient_support,H23,False,-0.005,,assignment_stress,all
,ordinary,,registered_setting_or_year,H23:event_return_drag:ordinary,,0,10,0,event_return_drag,,0,registered_pair_or_issuer_floor,0,protective_put,,,insufficient_support,H23,False,-0.005,,assignment_stress,2023
,ordinary,,registered_setting_or_year,H23:event_return_drag:ordinary,,0,10,0,event_return_drag,,0,registered_pair_or_issuer_floor,0,protective_put,,,insufficient_support,H23,False,-0.005,,assignment_stress,2024
,ordinary,,registered_setting_or_year,H23:event_return_drag:ordinary,,0,10,0,event_return_drag,,0,registered_pair_or_issuer_floor,0,protective_put,,,insufficient_support,H23,False,-0.005,,assignment_stress,2025
,ordinary,,registered_setting_or_year,H23:event_return_drag:ordinary,,0,10,0,event_return_drag,,0,registered_pair_or_issuer_floor,0,protective_put,,,insufficient_support,H23,False,-0.005,,size10,all
,ordinary,,registered_setting_or_year,H23:event_return_drag:ordinary,,0,10,0,event_return_drag,,0,registered_pair_or_issuer_floor,0,protective_put,,,insufficient_support,H23,False,-0.005,,size10,2023
,ordinary,,registered_setting_or_year,H23:event_return_drag:ordinary,,0,10,0,event_return_drag,,0,registered_pair_or_issuer_floor,0,protective_put,,,insufficient_support,H23,False,-0.005,,size10,2024
,ordinary,,registered_setting_or_year,H23:event_return_drag:ordinary,,0,10,0,event_return_drag,,0,registered_pair_or_issuer_floor,0,protective_put,,,insufficient_support,H23,False,-0.005,,size10,2025
,ordinary,,leave_one_issuer_out,H23:event_return_drag:ordinary,,12,10,0,event_return_drag,0000002488,0,registered_pair_or_issuer_floor,0,protective_put,,,insufficient_support,H23,False,-0.005,,primary,all
,ordinary,,leave_one_issuer_out,H23:event_return_drag:ordinary,-0.00041016607735958055,3,10,1,event_return_drag,0000004962,2,registered_pair_or_issuer_floor,0,protective_put,,,insufficient_support,H23,False,-0.005,,primary,all
,ordinary,,leave_one_issuer_out,H23:event_return_drag:ordinary,-0.00041016607735958055,13,10,1,event_return_drag,0000005272,2,registered_pair_or_issuer_floor,0,protective_put,,,insufficient_support,H23,False,-0.005,,primary,all
frozen universe earlier market history,ordinary,"[0.016372220685108706, 0.02270739732715615]",earlier_fit_prior_state,H23:overlay_increment:ordinary,,0,10,0,overlay_increment,,0,registered_pair_or_issuer_floor,0,covered_call,0,volatility,insufficient_support,H23,False,0.001,23121,primary,2023
frozen universe earlier market history,ordinary,"[0.016372220685108706, 0.02270739732715615]",earlier_fit_prior_state,H23:overlay_increment:ordinary,,0,10,0,overlay_increment,,0,registered_pair_or_issuer_floor,0,covered_call,1,volatility,insufficient_support,H23,False,0.001,23121,primary,2023
frozen universe earlier market history,ordinary,"[0.016372220685108706, 0.02270739732715615]",earlier_fit_prior_state,H23:overlay_increment:ordinary,,0,10,0,overlay_increment,,0,registered_pair_or_issuer_floor,0,covered_call,2,volatility,insufficient_support,H23,False,0.001,23121,primary,2023
frozen universe earlier market history,ordinary,"[-0.048672730567030295, 0.03020679279049697]",earlier_fit_prior_state,H23:overlay_increment:ordinary,,0,10,0,overlay_increment,,0,registered_pair_or_issuer_floor,0,covered_call,0,momentum,insufficient_support,H23,False,0.001,23121,primary,2023
frozen universe earlier market history,ordinary,"[-0.048672730567030295, 0.03020679279049697]",earlier_fit_prior_state,H23:overlay_increment:ordinary,,0,10,0,overlay_increment,,0,registered_pair_or_issuer_floor,0,covered_call,1,momentum,insufficient_support,H23,False,0.001,23121,primary,2023
frozen universe earlier market history,ordinary,"[-0.048672730567030295, 0.03020679279049697]",earlier_fit_prior_state,H23:overlay_increment:ordinary,,0,10,0,overlay_increment,,0,registered_pair_or_issuer_floor,0,covered_call,2,momentum,insufficient_support,H23,False,0.001,23121,primary,2023
frozen universe earlier market history,ordinary,"[0.013513149157963509, 0.019748609862823768]",earlier_fit_prior_state,H23:overlay_increment:ordinary,,0,10,0,overlay_increment,,0,registered_pair_or_issuer_floor,0,covered_call,0,volatility,insufficient_support,H23,False,0.001,48371,primary,2024
frozen universe earlier market history,ordinary,"[0.013513149157963509, 0.019748609862823768]",earlier_fit_prior_state,H23:overlay_increment:ordinary,,0,10,0,overlay_increment,,0,registered_pair_or_issuer_floor,0,covered_call,1,volatility,insufficient_support,H23,False,0.001,48371,primary,2024
frozen universe earlier market history,ordinary,"[0.013513149157963509, 0.019748609862823768]",earlier_fit_prior_state,H23:overlay_increment:ordinary,,0,10,0,overlay_increment,,0,registered_pair_or_issuer_floor,0,covered_call,2,volatility,insufficient_support,H23,False,0.001,48371,primary,2024
frozen universe earlier market history,ordinary,"[-0.03381517801400217, 0.0359478228338513]",earlier_fit_prior_state,H23:overlay_increment:ordinary,,0,10,0,overlay_increment,,0,registered_pair_or_issuer_floor,0,covered_call,0,momentum,insufficient_support,H23,False,0.001,48371,primary,2024
frozen universe earlier market history,ordinary,"[-0.03381517801400217, 0.0359478228338513]",earlier_fit_prior_state,H23:overlay_increment:ordinary,,0,10,0,overlay_increment,,0,registered_pair_or_issuer_floor,0,covered_call,1,momentum,insufficient_support,H23,False,0.001,48371,primary,2024
frozen universe earlier market history,ordinary,"[-0.03381517801400217, 0.0359478228338513]",earlier_fit_prior_state,H23:overlay_increment:ordinary,,0,10,0,overlay_increment,,0,registered_pair_or_issuer_floor,0,covered_call,2,momentum,insufficient_support,H23,False,0.001,48371,primary,2024
frozen universe earlier market history,ordinary,"[0.012622362241067064, 0.0185342974622302]",earlier_fit_prior_state,H23:overlay_increment:ordinary,,0,10,0,overlay_increment,,0,registered_pair_or_issuer_floor,0,covered_call,0,volatility,insufficient_support,H23,False,0.001,73823,primary,2025
frozen universe earlier market history,ordinary,"[0.012622362241067064, 0.0185342974622302]",earlier_fit_prior_state,H23:overlay_increment:ordinary,,0,10,0,overlay_increment,,0,registered_pair_or_issuer_floor,0,covered_call,1,volatility,insufficient_support,H23,False,0.001,73823,primary,2025
frozen universe earlier market history,ordinary,"[0.012622362241067064, 0.0185342974622302]",earlier_fit_prior_state,H23:overlay_increment:ordinary,,0,10,0,overlay_increment,,0,registered_pair_or_issuer_floor,0,covered_call,2,volatility,insufficient_support,H23,False,0.001,73823,primary,2025
frozen universe earlier market history,ordinary,"[-0.025158149985925842, 0.03919486416691308]",earlier_fit_prior_state,H23:overlay_increment:ordinary,,0,10,0,overlay_increment,,0,registered_pair_or_issuer_floor,0,covered_call,0,momentum,insufficient_support,H23,False,0.001,73823,primary,2025
frozen universe earlier market history,ordinary,"[-0.025158149985925842, 0.03919486416691308]",earlier_fit_prior_state,H23:overlay_increment:ordinary,,0,10,0,overlay_increment,,0,registered_pair_or_issuer_floor,0,covered_call,1,momentum,insufficient_support,H23,False,0.001,73823,primary,2025
frozen universe earlier market history,ordinary,"[-0.025158149985925842, 0.03919486416691308]",earlier_fit_prior_state,H23:overlay_increment:ordinary,,0,10,0,overlay_increment,,0,registered_pair_or_issuer_floor,0,covered_call,2,momentum,insufficient_support,H23,False,0.001,73823,primary,2025
frozen universe earlier market history,ordinary,"[0.016372220685108706, 0.02270739732715615]",earlier_fit_prior_state,H23:strategy_increment:ordinary,,0,10,0,strategy_increment,,0,registered_pair_or_issuer_floor,0,covered_call,0,volatility,insufficient_support,H23,False,0.0,23121,primary,2023
frozen universe earlier market history,ordinary,"[0.016372220685108706, 0.02270739732715615]",earlier_fit_prior_state,H23:strategy_increment:ordinary,,0,10,0,strategy_increment,,0,registered_pair_or_issuer_floor,0,covered_call,1,volatility,insufficient_support,H23,False,0.0,23121,primary,2023
frozen universe earlier market history,ordinary,"[0.016372220685108706, 0.02270739732715615]",earlier_fit_prior_state,H23:strategy_increment:ordinary,,0,10,0,strategy_increment,,0,registered_pair_or_issuer_floor,0,covered_call,2,volatility,insufficient_support,H23,False,0.0,23121,primary,2023
frozen universe earlier market history,ordinary,"[-0.048672730567030295, 0.03020679279049697]",earlier_fit_prior_state,H23:strategy_increment:ordinary,,0,10,0,strategy_increment,,0,registered_pair_or_issuer_floor,0,covered_call,0,momentum,insufficient_support,H23,False,0.0,23121,primary,2023
frozen universe earlier market history,ordinary,"[-0.048672730567030295, 0.03020679279049697]",earlier_fit_prior_state,H23:strategy_increment:ordinary,,0,10,0,strategy_increment,,0,registered_pair_or_issuer_floor,0,covered_call,1,momentum,insufficient_support,H23,False,0.0,23121,primary,2023
frozen universe earlier market history,ordinary,"[-0.048672730567030295, 0.03020679279049697]",earlier_fit_prior_state,H23:strategy_increment:ordinary,,0,10,0,strategy_increment,,0,registered_pair_or_issuer_floor,0,covered_call,2,momentum,insufficient_support,H23,False,0.0,23121,primary,2023
frozen universe earlier market history,ordinary,"[0.013513149157963509, 0.019748609862823768]",earlier_fit_prior_state,H23:strategy_increment:ordinary,,0,10,0,strategy_increment,,0,registered_pair_or_issuer_floor,0,covered_call,0,volatility,insufficient_support,H23,False,0.0,48371,primary,2024
frozen universe earlier market history,ordinary,"[0.013513149157963509, 0.019748609862823768]",earlier_fit_prior_state,H23:strategy_increment:ordinary,,0,10,0,strategy_increment,,0,registered_pair_or_issuer_floor,0,covered_call,1,volatility,insufficient_support,H23,False,0.0,48371,primary,2024
frozen universe earlier market history,ordinary,"[0.013513149157963509, 0.019748609862823768]",earlier_fit_prior_state,H23:strategy_increment:ordinary,,0,10,0,strategy_increment,,0,registered_pair_or_issuer_floor,0,covered_call,2,volatility,insufficient_support,H23,False,0.0,48371,primary,2024
frozen universe earlier market history,ordinary,"[-0.03381517801400217, 0.0359478228338513]",earlier_fit_prior_state,H23:strategy_increment:ordinary,,0,10,0,strategy_increment,,0,registered_pair_or_issuer_floor,0,covered_call,0,momentum,insufficient_support,H23,False,0.0,48371,primary,2024
frozen universe earlier market history,ordinary,"[-0.03381517801400217, 0.0359478228338513]",earlier_fit_prior_state,H23:strategy_increment:ordinary,,0,10,0,strategy_increment,,0,registered_pair_or_issuer_floor,0,covered_call,1,momentum,insufficient_support,H23,False,0.0,48371,primary,2024
frozen universe earlier market history,ordinary,"[-0.03381517801400217, 0.0359478228338513]",earlier_fit_prior_state,H23:strategy_increment:ordinary,,0,10,0,strategy_increment,,0,registered_pair_or_issuer_floor,0,covered_call,2,momentum,insufficient_support,H23,False,0.0,48371,primary,2024
frozen universe earlier market history,ordinary,"[0.012622362241067064, 0.0185342974622302]",earlier_fit_prior_state,H23:strategy_increment:ordinary,,0,10,0,strategy_increment,,0,registered_pair_or_issuer_floor,0,covered_call,0,volatility,insufficient_support,H23,False,0.0,73823,primary,2025
frozen universe earlier market history,ordinary,"[0.012622362241067064, 0.0185342974622302]",earlier_fit_prior_state,H23:strategy_increment:ordinary,,0,10,0,strategy_increment,,0,registered_pair_or_issuer_floor,0,covered_call,1,volatility,insufficient_support,H23,False,0.0,73823,primary,2025
frozen universe earlier market history,ordinary,"[0.012622362241067064, 0.0185342974622302]",earlier_fit_prior_state,H23:strategy_increment:ordinary,,0,10,0,strategy_increment,,0,registered_pair_or_issuer_floor,0,covered_call,2,volatility,insufficient_support,H23,False,0.0,73823,primary,2025
frozen universe earlier market history,ordinary,"[-0.025158149985925842, 0.03919486416691308]",earlier_fit_prior_state,H23:strategy_increment:ordinary,,0,10,0,strategy_increment,,0,registered_pair_or_issuer_floor,0,covered_call,0,momentum,insufficient_support,H23,False,0.0,73823,primary,2025
frozen universe earlier market history,ordinary,"[-0.025158149985925842, 0.03919486416691308]",earlier_fit_prior_state,H23:strategy_increment:ordinary,,0,10,0,strategy_increment,,0,registered_pair_or_issuer_floor,0,covered_call,1,momentum,insufficient_support,H23,False,0.0,73823,primary,2025
frozen universe earlier market history,ordinary,"[-0.025158149985925842, 0.03919486416691308]",earlier_fit_prior_state,H23:strategy_increment:ordinary,,0,10,0,strategy_increment,,0,registered_pair_or_issuer_floor,0,covered_call,2,momentum,insufficient_support,H23,False,0.0,73823,primary,2025
frozen universe earlier market history,ordinary,"[0.016372220685108706, 0.02270739732715615]",earlier_fit_prior_state,H23:hedge_increment:ordinary,,0,10,0,hedge_increment,,0,registered_pair_or_issuer_floor,0,protective_put,0,volatility,insufficient_support,H23,False,0.0,23121,primary,2023
frozen universe earlier market history,ordinary,"[0.016372220685108706, 0.02270739732715615]",earlier_fit_prior_state,H23:hedge_increment:ordinary,,0,10,0,hedge_increment,,0,registered_pair_or_issuer_floor,0,protective_put,1,volatility,insufficient_support,H23,False,0.0,23121,primary,2023
frozen universe earlier market history,ordinary,"[0.016372220685108706, 0.02270739732715615]",earlier_fit_prior_state,H23:hedge_increment:ordinary,,0,10,0,hedge_increment,,0,registered_pair_or_issuer_floor,0,protective_put,2,volatility,insufficient_support,H23,False,0.0,23121,primary,2023
frozen universe earlier market history,ordinary,"[-0.048672730567030295, 0.03020679279049697]",earlier_fit_prior_state,H23:hedge_increment:ordinary,,0,10,0,hedge_increment,,0,registered_pair_or_issuer_floor,0,protective_put,0,momentum,insufficient_support,H23,False,0.0,23121,primary,2023
frozen universe earlier market history,ordinary,"[-0.048672730567030295, 0.03020679279049697]",earlier_fit_prior_state,H23:hedge_increment:ordinary,,0,10,0,hedge_increment,,0,registered_pair_or_issuer_floor,0,protective_put,1,momentum,insufficient_support,H23,False,0.0,23121,primary,2023
frozen universe earlier market history,ordinary,"[-0.048672730567030295, 0.03020679279049697]",earlier_fit_prior_state,H23:hedge_increment:ordinary,,0,10,0,hedge_increment,,0,registered_pair_or_issuer_floor,0,protective_put,2,momentum,insufficient_support,H23,False,0.0,23121,primary,2023
frozen universe earlier market history,ordinary,"[0.013513149157963509, 0.019748609862823768]",earlier_fit_prior_state,H23:hedge_increment:ordinary,,0,10,0,hedge_increment,,0,registered_pair_or_issuer_floor,0,protective_put,0,volatility,insufficient_support,H23,False,0.0,48371,primary,2024
frozen universe earlier market history,ordinary,"[0.013513149157963509, 0.019748609862823768]",earlier_fit_prior_state,H23:hedge_increment:ordinary,,0,10,0,hedge_increment,,0,registered_pair_or_issuer_floor,0,protective_put,1,volatility,insufficient_support,H23,False,0.0,48371,primary,2024
frozen universe earlier market history,ordinary,"[0.013513149157963509, 0.019748609862823768]",earlier_fit_prior_state,H23:hedge_increment:ordinary,,0,10,0,hedge_increment,,0,registered_pair_or_issuer_floor,0,protective_put,2,volatility,insufficient_support,H23,False,0.0,48371,primary,2024
frozen universe earlier market history,ordinary,"[-0.03381517801400217, 0.0359478228338513]",earlier_fit_prior_state,H23:hedge_increment:ordinary,,0,10,0,hedge_increment,,0,registered_pair_or_issuer_floor,0,protective_put,0,momentum,insufficient_support,H23,False,0.0,48371,primary,2024
frozen universe earlier market history,ordinary,"[-0.03381517801400217, 0.0359478228338513]",earlier_fit_prior_state,H23:hedge_increment:ordinary,,0,10,0,hedge_increment,,0,registered_pair_or_issuer_floor,0,protective_put,1,momentum,insufficient_support,H23,False,0.0,48371,primary,2024
frozen universe earlier market history,ordinary,"[-0.03381517801400217, 0.0359478228338513]",earlier_fit_prior_state,H23:hedge_increment:ordinary,,0,10,0,hedge_increment,,0,registered_pair_or_issuer_floor,0,protective_put,2,momentum,insufficient_support,H23,False,0.0,48371,primary,2024
frozen universe earlier market history,ordinary,"[0.012622362241067064, 0.0185342974622302]",earlier_fit_prior_state,H23:hedge_increment:ordinary,,0,10,0,hedge_increment,,0,registered_pair_or_issuer_floor,0,protective_put,0,volatility,insufficient_support,H23,False,0.0,73823,primary,2025
frozen universe earlier market history,ordinary,"[0.012622362241067064, 0.0185342974622302]",earlier_fit_prior_state,H23:hedge_increment:ordinary,,0,10,0,hedge_increment,,0,registered_pair_or_issuer_floor,0,protective_put,1,volatility,insufficient_support,H23,False,0.0,73823,primary,2025
frozen universe earlier market history,ordinary,"[0.012622362241067064, 0.0185342974622302]",earlier_fit_prior_state,H23:hedge_increment:ordinary,0.010580505752879906,0,10,1,hedge_increment,,1,registered_pair_or_issuer_floor,0,protective_put,2,volatility,insufficient_support,H23,False,0.0,73823,primary,2025
frozen universe earlier market history,ordinary,"[-0.025158149985925842, 0.03919486416691308]",earlier_fit_prior_state,H23:hedge_increment:ordinary,0.010580505752879906,0,10,1,hedge_increment,,1,registered_pair_or_issuer_floor,0,protective_put,0,momentum,insufficient_support,H23,False,0.0,73823,primary,2025
frozen universe earlier market history,ordinary,"[-0.025158149985925842, 0.03919486416691308]",earlier_fit_prior_state,H23:hedge_increment:ordinary,,0,10,0,hedge_increment,,0,registered_pair_or_issuer_floor,0,protective_put,1,momentum,insufficient_support,H23,False,0.0,73823,primary,2025
frozen universe earlier market history,ordinary,"[-0.025158149985925842, 0.03919486416691308]",earlier_fit_prior_state,H23:hedge_increment:ordinary,,0,10,0,hedge_increment,,0,registered_pair_or_issuer_floor,0,protective_put,2,momentum,insufficient_support,H23,False,0.0,73823,primary,2025
frozen universe earlier market history,ordinary,"[0.016372220685108706, 0.02270739732715615]",earlier_fit_prior_state,H23:event_downside_reduction:ordinary,,0,10,0,event_downside_reduction,,0,registered_pair_or_issuer_floor,0,protective_put,0,volatility,insufficient_support,H23,False,0.0025,23121,primary,2023
frozen universe earlier market history,ordinary,"[0.016372220685108706, 0.02270739732715615]",earlier_fit_prior_state,H23:event_downside_reduction:ordinary,,0,10,0,event_downside_reduction,,0,registered_pair_or_issuer_floor,0,protective_put,1,volatility,insufficient_support,H23,False,0.0025,23121,primary,2023
frozen universe earlier market history,ordinary,"[0.016372220685108706, 0.02270739732715615]",earlier_fit_prior_state,H23:event_downside_reduction:ordinary,,0,10,0,event_downside_reduction,,0,registered_pair_or_issuer_floor,0,protective_put,2,volatility,insufficient_support,H23,False,0.0025,23121,primary,2023
frozen universe earlier market history,ordinary,"[-0.048672730567030295, 0.03020679279049697]",earlier_fit_prior_state,H23:event_downside_reduction:ordinary,,0,10,0,event_downside_reduction,,0,registered_pair_or_issuer_floor,0,protective_put,0,momentum,insufficient_support,H23,False,0.0025,23121,primary,2023
frozen universe earlier market history,ordinary,"[-0.048672730567030295, 0.03020679279049697]",earlier_fit_prior_state,H23:event_downside_reduction:ordinary,,0,10,0,event_downside_reduction,,0,registered_pair_or_issuer_floor,0,protective_put,1,momentum,insufficient_support,H23,False,0.0025,23121,primary,2023
frozen universe earlier market history,ordinary,"[-0.048672730567030295, 0.03020679279049697]",earlier_fit_prior_state,H23:event_downside_reduction:ordinary,,0,10,0,event_downside_reduction,,0,registered_pair_or_issuer_floor,0,protective_put,2,momentum,insufficient_support,H23,False,0.0025,23121,primary,2023
frozen universe earlier market history,ordinary,"[0.013513149157963509, 0.019748609862823768]",earlier_fit_prior_state,H23:event_downside_reduction:ordinary,,0,10,0,event_downside_reduction,,0,registered_pair_or_issuer_floor,0,protective_put,0,volatility,insufficient_support,H23,False,0.0025,48371,primary,2024
frozen universe earlier market history,ordinary,"[0.013513149157963509, 0.019748609862823768]",earlier_fit_prior_state,H23:event_downside_reduction:ordinary,,0,10,0,event_downside_reduction,,0,registered_pair_or_issuer_floor,0,protective_put,1,volatility,insufficient_support,H23,False,0.0025,48371,primary,2024
frozen universe earlier market history,ordinary,"[0.013513149157963509, 0.019748609862823768]",earlier_fit_prior_state,H23:event_downside_reduction:ordinary,,0,10,0,event_downside_reduction,,0,registered_pair_or_issuer_floor,0,protective_put,2,volatility,insufficient_support,H23,False,0.0025,48371,primary,2024
frozen universe earlier market history,ordinary,"[-0.03381517801400217, 0.0359478228338513]",earlier_fit_prior_state,H23:event_downside_reduction:ordinary,,0,10,0,event_downside_reduction,,0,registered_pair_or_issuer_floor,0,protective_put,0,momentum,insufficient_support,H23,False,0.0025,48371,primary,2024
frozen universe earlier market history,ordinary,"[-0.03381517801400217, 0.0359478228338513]",earlier_fit_prior_state,H23:event_downside_reduction:ordinary,,0,10,0,event_downside_reduction,,0,registered_pair_or_issuer_floor,0,protective_put,1,momentum,insufficient_support,H23,False,0.0025,48371,primary,2024
frozen universe earlier market history,ordinary,"[-0.03381517801400217, 0.0359478228338513]",earlier_fit_prior_state,H23:event_downside_reduction:ordinary,,0,10,0,event_downside_reduction,,0,registered_pair_or_issuer_floor,0,protective_put,2,momentum,insufficient_support,H23,False,0.0025,48371,primary,2024
frozen universe earlier market history,ordinary,"[0.012622362241067064, 0.0185342974622302]",earlier_fit_prior_state,H23:event_downside_reduction:ordinary,,0,10,0,event_downside_reduction,,0,registered_pair_or_issuer_floor,0,protective_put,0,volatility,insufficient_support,H23,False,0.0025,73823,primary,2025
frozen universe earlier market history,ordinary,"[0.012622362241067064, 0.0185342974622302]",earlier_fit_prior_state,H23:event_downside_reduction:ordinary,,0,10,0,event_downside_reduction,,0,registered_pair_or_issuer_floor,0,protective_put,1,volatility,insufficient_support,H23,False,0.0025,73823,primary,2025
frozen universe earlier market history,ordinary,"[0.012622362241067064, 0.0185342974622302]",earlier_fit_prior_state,H23:event_downside_reduction:ordinary,0.00016253943971698825,0,10,1,event_downside_reduction,,1,registered_pair_or_issuer_floor,0,protective_put,2,volatility,insufficient_support,H23,False,0.0025,73823,primary,2025
frozen universe earlier market history,ordinary,"[-0.025158149985925842, 0.03919486416691308]",earlier_fit_prior_state,H23:event_downside_reduction:ordinary,0.00016253943971698825,0,10,1,event_downside_reduction,,1,registered_pair_or_issuer_floor,0,protective_put,0,momentum,insufficient_support,H23,False,0.0025,73823,primary,2025
frozen universe earlier market history,ordinary,"[-0.025158149985925842, 0.03919486416691308]",earlier_fit_prior_state,H23:event_downside_reduction:ordinary,,0,10,0,event_downside_reduction,,0,registered_pair_or_issuer_floor,0,protective_put,1,momentum,insufficient_support,H23,False,0.0025,73823,primary,2025
frozen universe earlier market history,ordinary,"[-0.025158149985925842, 0.03919486416691308]",earlier_fit_prior_state,H23:event_downside_reduction:ordinary,,0,10,0,event_downside_reduction,,0,registered_pair_or_issuer_floor,0,protective_put,2,momentum,insufficient_support,H23,False,0.0025,73823,primary,2025
frozen universe earlier market history,ordinary,"[0.016372220685108706, 0.02270739732715615]",earlier_fit_prior_state,H23:event_return_drag:ordinary,,0,10,0,event_return_drag,,0,registered_pair_or_issuer_floor,0,protective_put,0,volatility,insufficient_support,H23,False,-0.005,23121,primary,2023
frozen universe earlier market history,ordinary,"[0.016372220685108706, 0.02270739732715615]",earlier_fit_prior_state,H23:event_return_drag:ordinary,,0,10,0,event_return_drag,,0,registered_pair_or_issuer_floor,0,protective_put,1,volatility,insufficient_support,H23,False,-0.005,23121,primary,2023
frozen universe earlier market history,ordinary,"[0.016372220685108706, 0.02270739732715615]",earlier_fit_prior_state,H23:event_return_drag:ordinary,,0,10,0,event_return_drag,,0,registered_pair_or_issuer_floor,0,protective_put,2,volatility,insufficient_support,H23,False,-0.005,23121,primary,2023
frozen universe earlier market history,ordinary,"[-0.048672730567030295, 0.03020679279049697]",earlier_fit_prior_state,H23:event_return_drag:ordinary,,0,10,0,event_return_drag,,0,registered_pair_or_issuer_floor,0,protective_put,0,momentum,insufficient_support,H23,False,-0.005,23121,primary,2023
frozen universe earlier market history,ordinary,"[-0.048672730567030295, 0.03020679279049697]",earlier_fit_prior_state,H23:event_return_drag:ordinary,,0,10,0,event_return_drag,,0,registered_pair_or_issuer_floor,0,protective_put,1,momentum,insufficient_support,H23,False,-0.005,23121,primary,2023
frozen universe earlier market history,ordinary,"[-0.048672730567030295, 0.03020679279049697]",earlier_fit_prior_state,H23:event_return_drag:ordinary,,0,10,0,event_return_drag,,0,registered_pair_or_issuer_floor,0,protective_put,2,momentum,insufficient_support,H23,False,-0.005,23121,primary,2023
frozen universe earlier market history,ordinary,"[0.013513149157963509, 0.019748609862823768]",earlier_fit_prior_state,H23:event_return_drag:ordinary,,0,10,0,event_return_drag,,0,registered_pair_or_issuer_floor,0,protective_put,0,volatility,insufficient_support,H23,False,-0.005,48371,primary,2024
frozen universe earlier market history,ordinary,"[0.013513149157963509, 0.019748609862823768]",earlier_fit_prior_state,H23:event_return_drag:ordinary,,0,10,0,event_return_drag,,0,registered_pair_or_issuer_floor,0,protective_put,1,volatility,insufficient_support,H23,False,-0.005,48371,primary,2024
frozen universe earlier market history,ordinary,"[0.013513149157963509, 0.019748609862823768]",earlier_fit_prior_state,H23:event_return_drag:ordinary,,0,10,0,event_return_drag,,0,registered_pair_or_issuer_floor,0,protective_put,2,volatility,insufficient_support,H23,False,-0.005,48371,primary,2024
frozen universe earlier market history,ordinary,"[-0.03381517801400217, 0.0359478228338513]",earlier_fit_prior_state,H23:event_return_drag:ordinary,,0,10,0,event_return_drag,,0,registered_pair_or_issuer_floor,0,protective_put,0,momentum,insufficient_support,H23,False,-0.005,48371,primary,2024
frozen universe earlier market history,ordinary,"[-0.03381517801400217, 0.0359478228338513]",earlier_fit_prior_state,H23:event_return_drag:ordinary,,0,10,0,event_return_drag,,0,registered_pair_or_issuer_floor,0,protective_put,1,momentum,insufficient_support,H23,False,-0.005,48371,primary,2024
frozen universe earlier market history,ordinary,"[-0.03381517801400217, 0.0359478228338513]",earlier_fit_prior_state,H23:event_return_drag:ordinary,,0,10,0,event_return_drag,,0,registered_pair_or_issuer_floor,0,protective_put,2,momentum,insufficient_support,H23,False,-0.005,48371,primary,2024
frozen universe earlier market history,ordinary,"[0.012622362241067064, 0.0185342974622302]",earlier_fit_prior_state,H23:event_return_drag:ordinary,,0,10,0,event_return_drag,,0,registered_pair_or_issuer_floor,0,protective_put,0,volatility,insufficient_support,H23,False,-0.005,73823,primary,2025
frozen universe earlier market history,ordinary,"[0.012622362241067064, 0.0185342974622302]",earlier_fit_prior_state,H23:event_return_drag:ordinary,,0,10,0,event_return_drag,,0,registered_pair_or_issuer_floor,0,protective_put,1,volatility,insufficient_support,H23,False,-0.005,73823,primary,2025
frozen universe earlier market history,ordinary,"[0.012622362241067064, 0.0185342974622302]",earlier_fit_prior_state,H23:event_return_drag:ordinary,0.00016253943971698825,0,10,1,event_return_drag,,1,registered_pair_or_issuer_floor,0,protective_put,2,volatility,insufficient_support,H23,False,-0.005,73823,primary,2025
frozen universe earlier market history,ordinary,"[-0.025158149985925842, 0.03919486416691308]",earlier_fit_prior_state,H23:event_return_drag:ordinary,0.00016253943971698825,0,10,1,event_return_drag,,1,registered_pair_or_issuer_floor,0,protective_put,0,momentum,insufficient_support,H23,False,-0.005,73823,primary,2025
frozen universe earlier market history,ordinary,"[-0.025158149985925842, 0.03919486416691308]",earlier_fit_prior_state,H23:event_return_drag:ordinary,,0,10,0,event_return_drag,,0,registered_pair_or_issuer_floor,0,protective_put,1,momentum,insufficient_support,H23,False,-0.005,73823,primary,2025
frozen universe earlier market history,ordinary,"[-0.025158149985925842, 0.03919486416691308]",earlier_fit_prior_state,H23:event_return_drag:ordinary,,0,10,0,event_return_drag,,0,registered_pair_or_issuer_floor,0,protective_put,2,momentum,insufficient_support,H23,False,-0.005,73823,primary,2025
,,,common_shape_event_overlay_difference,,0.036320266697321524,,,1,call_overlay_minus_put_overlay,,1,identical observations and clocks; supplemental comparison outside primary family,,common_call_put,,,insufficient_support,H23,,,,primary,all
,,,common_shape_event_overlay_difference,,,,,0,call_overlay_minus_put_overlay,,0,identical observations and clocks; supplemental comparison outside primary family,,common_call_put,,,insufficient_support,H23,,,,primary,2023
,,,common_shape_event_overlay_difference,,,,,0,call_overlay_minus_put_overlay,,0,identical observations and clocks; supplemental comparison outside primary family,,common_call_put,,,insufficient_support,H23,,,,primary,2024
,,,common_shape_event_overlay_difference,,,,,0,call_overlay_minus_put_overlay,,0,identical observations and clocks; supplemental comparison outside primary family,,common_call_put,,,insufficient_support,H23,,,,primary,2025
