block,calibration_status,clears_practical_bound,comparator,critical_value,declared_family_size,draws,effect_id,eligible_family_size,estimate,excluded_pairs,horizon,inferential_use,issuers,lower,metric,p_adjusted,pairs,reason,reused_controls,shape,standard_error,status,study,support,threshold,upper,variant,year
63,fail,False,ordinary,,19,9999,H23:overlay_increment:ordinary,0,0.02250047055808137,15,10,suppressed_pending_or_failed_calibration,1,,overlay_increment,,1,registered_pair_or_issuer_floor,0,covered_call,,insufficient_support,H23,False,0.001,,primary,all
63,fail,False,ordinary,,19,9999,H23:strategy_increment:ordinary,0,-0.011417370089568873,15,10,suppressed_pending_or_failed_calibration,1,,strategy_increment,,1,registered_pair_or_issuer_floor,0,covered_call,,insufficient_support,H23,False,0.0,,primary,all
63,fail,False,ordinary,,19,9999,H23:hedge_increment:ordinary,0,-0.022451322063657995,14,10,suppressed_pending_or_failed_calibration,1,,hedge_increment,,2,registered_pair_or_issuer_floor,0,protective_put,,insufficient_support,H23,False,0.0,,primary,all
63,fail,False,ordinary,,19,9999,H23:event_downside_reduction:ordinary,0,-0.00041016607735958055,14,10,suppressed_pending_or_failed_calibration,1,,event_downside_reduction,,2,registered_pair_or_issuer_floor,0,protective_put,,insufficient_support,H23,False,0.0025,,primary,all
63,fail,False,ordinary,,19,9999,H23:event_return_drag:ordinary,0,-0.00041016607735958055,14,10,suppressed_pending_or_failed_calibration,1,,event_return_drag,,2,registered_pair_or_issuer_floor,0,protective_put,,insufficient_support,H23,False,-0.005,,primary,all
63,fail,False,ordinary,,19,9999,H24:overlay_increment:ordinary,0,0.006960917896542594,14,10,suppressed_pending_or_failed_calibration,1,,overlay_increment,,2,registered_pair_or_issuer_floor,0,covered_call,,insufficient_support,H24,False,0.001,,primary,all
63,fail,False,ordinary,,19,9999,H24:strategy_increment:ordinary,0,0.02108632350498473,14,10,suppressed_pending_or_failed_calibration,1,,strategy_increment,,2,registered_pair_or_issuer_floor,0,covered_call,,insufficient_support,H24,False,0.0,,primary,all
63,fail,False,ordinary,,19,9999,H24:hedge_increment:ordinary,0,,16,10,suppressed_pending_or_failed_calibration,0,,hedge_increment,,0,registered_pair_or_issuer_floor,0,protective_put,,insufficient_support,H24,False,0.0,,primary,all
63,fail,False,ordinary,,19,9999,H24:event_downside_reduction:ordinary,0,,16,10,suppressed_pending_or_failed_calibration,0,,event_downside_reduction,,0,registered_pair_or_issuer_floor,0,protective_put,,insufficient_support,H24,False,0.0025,,primary,all
63,fail,False,ordinary,,19,9999,H24:event_return_drag:ordinary,0,,16,10,suppressed_pending_or_failed_calibration,0,,event_return_drag,,0,registered_pair_or_issuer_floor,0,protective_put,,insufficient_support,H24,False,-0.005,,primary,all
63,fail,False,ordinary,,19,9999,H25:overlay_increment:ordinary,0,0.006275671428682772,14,10,suppressed_pending_or_failed_calibration,2,,overlay_increment,,2,registered_pair_or_issuer_floor,0,covered_call,,insufficient_support,H25,False,0.001,,primary,all
63,fail,False,ordinary,,19,9999,H25:strategy_increment:ordinary,0,-0.0029147233737967897,14,10,suppressed_pending_or_failed_calibration,2,,strategy_increment,,2,registered_pair_or_issuer_floor,0,covered_call,,insufficient_support,H25,False,0.0,,primary,all
63,fail,False,ordinary,,19,9999,H25:hedge_increment:ordinary,0,-0.022451322063657995,14,10,suppressed_pending_or_failed_calibration,1,,hedge_increment,,2,registered_pair_or_issuer_floor,0,protective_put,,insufficient_support,H25,False,0.0,,primary,all
63,fail,False,ordinary,,19,9999,H25:event_downside_reduction:ordinary,0,-0.00041016607735958055,14,10,suppressed_pending_or_failed_calibration,1,,event_downside_reduction,,2,registered_pair_or_issuer_floor,0,protective_put,,insufficient_support,H25,False,0.0025,,primary,all
63,fail,False,ordinary,,19,9999,H25:event_return_drag:ordinary,0,-0.00041016607735958055,14,10,suppressed_pending_or_failed_calibration,1,,event_return_drag,,2,registered_pair_or_issuer_floor,0,protective_put,,insufficient_support,H25,False,-0.005,,primary,all
63,fail,False,debt_only,,19,9999,H25:overlay_increment:debt_only,0,,16,10,suppressed_pending_or_failed_calibration,0,,overlay_increment,,0,registered_pair_or_issuer_floor,0,covered_call,,insufficient_support,H25,False,0.0,,primary,all
63,fail,False,debt_only,,19,9999,H25:hedge_increment:debt_only,0,,16,10,suppressed_pending_or_failed_calibration,0,,hedge_increment,,0,registered_pair_or_issuer_floor,0,protective_put,,insufficient_support,H25,False,0.0,,primary,all
63,fail,False,underwriting_only,,19,9999,H25:overlay_increment:underwriting_only,0,,16,10,suppressed_pending_or_failed_calibration,0,,overlay_increment,,0,registered_pair_or_issuer_floor,0,covered_call,,insufficient_support,H25,False,0.0,,primary,all
63,fail,False,underwriting_only,,19,9999,H25:hedge_increment:underwriting_only,0,,16,10,suppressed_pending_or_failed_calibration,0,,hedge_increment,,0,registered_pair_or_issuer_floor,0,protective_put,,insufficient_support,H25,False,0.0,,primary,all
126,fail,False,ordinary,,19,9999,H23:overlay_increment:ordinary,0,0.02250047055808137,15,10,suppressed_pending_or_failed_calibration,1,,overlay_increment,,1,registered_pair_or_issuer_floor,0,covered_call,,insufficient_support,H23,False,0.001,,primary,all
126,fail,False,ordinary,,19,9999,H23:strategy_increment:ordinary,0,-0.011417370089568873,15,10,suppressed_pending_or_failed_calibration,1,,strategy_increment,,1,registered_pair_or_issuer_floor,0,covered_call,,insufficient_support,H23,False,0.0,,primary,all
126,fail,False,ordinary,,19,9999,H23:hedge_increment:ordinary,0,-0.022451322063657995,14,10,suppressed_pending_or_failed_calibration,1,,hedge_increment,,2,registered_pair_or_issuer_floor,0,protective_put,,insufficient_support,H23,False,0.0,,primary,all
126,fail,False,ordinary,,19,9999,H23:event_downside_reduction:ordinary,0,-0.00041016607735958055,14,10,suppressed_pending_or_failed_calibration,1,,event_downside_reduction,,2,registered_pair_or_issuer_floor,0,protective_put,,insufficient_support,H23,False,0.0025,,primary,all
126,fail,False,ordinary,,19,9999,H23:event_return_drag:ordinary,0,-0.00041016607735958055,14,10,suppressed_pending_or_failed_calibration,1,,event_return_drag,,2,registered_pair_or_issuer_floor,0,protective_put,,insufficient_support,H23,False,-0.005,,primary,all
126,fail,False,ordinary,,19,9999,H24:overlay_increment:ordinary,0,0.006960917896542594,14,10,suppressed_pending_or_failed_calibration,1,,overlay_increment,,2,registered_pair_or_issuer_floor,0,covered_call,,insufficient_support,H24,False,0.001,,primary,all
126,fail,False,ordinary,,19,9999,H24:strategy_increment:ordinary,0,0.02108632350498473,14,10,suppressed_pending_or_failed_calibration,1,,strategy_increment,,2,registered_pair_or_issuer_floor,0,covered_call,,insufficient_support,H24,False,0.0,,primary,all
126,fail,False,ordinary,,19,9999,H24:hedge_increment:ordinary,0,,16,10,suppressed_pending_or_failed_calibration,0,,hedge_increment,,0,registered_pair_or_issuer_floor,0,protective_put,,insufficient_support,H24,False,0.0,,primary,all
126,fail,False,ordinary,,19,9999,H24:event_downside_reduction:ordinary,0,,16,10,suppressed_pending_or_failed_calibration,0,,event_downside_reduction,,0,registered_pair_or_issuer_floor,0,protective_put,,insufficient_support,H24,False,0.0025,,primary,all
126,fail,False,ordinary,,19,9999,H24:event_return_drag:ordinary,0,,16,10,suppressed_pending_or_failed_calibration,0,,event_return_drag,,0,registered_pair_or_issuer_floor,0,protective_put,,insufficient_support,H24,False,-0.005,,primary,all
126,fail,False,ordinary,,19,9999,H25:overlay_increment:ordinary,0,0.006275671428682772,14,10,suppressed_pending_or_failed_calibration,2,,overlay_increment,,2,registered_pair_or_issuer_floor,0,covered_call,,insufficient_support,H25,False,0.001,,primary,all
126,fail,False,ordinary,,19,9999,H25:strategy_increment:ordinary,0,-0.0029147233737967897,14,10,suppressed_pending_or_failed_calibration,2,,strategy_increment,,2,registered_pair_or_issuer_floor,0,covered_call,,insufficient_support,H25,False,0.0,,primary,all
126,fail,False,ordinary,,19,9999,H25:hedge_increment:ordinary,0,-0.022451322063657995,14,10,suppressed_pending_or_failed_calibration,1,,hedge_increment,,2,registered_pair_or_issuer_floor,0,protective_put,,insufficient_support,H25,False,0.0,,primary,all
126,fail,False,ordinary,,19,9999,H25:event_downside_reduction:ordinary,0,-0.00041016607735958055,14,10,suppressed_pending_or_failed_calibration,1,,event_downside_reduction,,2,registered_pair_or_issuer_floor,0,protective_put,,insufficient_support,H25,False,0.0025,,primary,all
126,fail,False,ordinary,,19,9999,H25:event_return_drag:ordinary,0,-0.00041016607735958055,14,10,suppressed_pending_or_failed_calibration,1,,event_return_drag,,2,registered_pair_or_issuer_floor,0,protective_put,,insufficient_support,H25,False,-0.005,,primary,all
126,fail,False,debt_only,,19,9999,H25:overlay_increment:debt_only,0,,16,10,suppressed_pending_or_failed_calibration,0,,overlay_increment,,0,registered_pair_or_issuer_floor,0,covered_call,,insufficient_support,H25,False,0.0,,primary,all
126,fail,False,debt_only,,19,9999,H25:hedge_increment:debt_only,0,,16,10,suppressed_pending_or_failed_calibration,0,,hedge_increment,,0,registered_pair_or_issuer_floor,0,protective_put,,insufficient_support,H25,False,0.0,,primary,all
126,fail,False,underwriting_only,,19,9999,H25:overlay_increment:underwriting_only,0,,16,10,suppressed_pending_or_failed_calibration,0,,overlay_increment,,0,registered_pair_or_issuer_floor,0,covered_call,,insufficient_support,H25,False,0.0,,primary,all
126,fail,False,underwriting_only,,19,9999,H25:hedge_increment:underwriting_only,0,,16,10,suppressed_pending_or_failed_calibration,0,,hedge_increment,,0,registered_pair_or_issuer_floor,0,protective_put,,insufficient_support,H25,False,0.0,,primary,all
