eligible_effects,reason,replica,status
0,exact_shifted_source_not_acquired,0,pending
0,exact_shifted_source_not_acquired,1,pending
0,exact_shifted_source_not_acquired,2,pending
0,exact_shifted_source_not_acquired,3,pending
0,exact_shifted_source_not_acquired,4,pending
0,exact_shifted_source_not_acquired,5,pending
0,exact_shifted_source_not_acquired,6,pending
0,exact_shifted_source_not_acquired,7,pending
0,exact_shifted_source_not_acquired,8,pending
0,exact_shifted_source_not_acquired,9,pending
0,exact_shifted_source_not_acquired,10,pending
0,exact_shifted_source_not_acquired,11,pending
0,exact_shifted_source_not_acquired,12,pending
0,exact_shifted_source_not_acquired,13,pending
0,exact_shifted_source_not_acquired,14,pending
0,exact_shifted_source_not_acquired,15,pending
0,exact_shifted_source_not_acquired,16,pending
0,exact_shifted_source_not_acquired,17,pending
0,exact_shifted_source_not_acquired,18,pending
0,exact_shifted_source_not_acquired,19,pending
0,exact_shifted_source_not_acquired,20,pending
0,exact_shifted_source_not_acquired,21,pending
0,exact_shifted_source_not_acquired,22,pending
0,exact_shifted_source_not_acquired,23,pending
0,exact_shifted_source_not_acquired,24,pending
0,exact_shifted_source_not_acquired,25,pending
0,exact_shifted_source_not_acquired,26,pending
0,exact_shifted_source_not_acquired,27,pending
0,exact_shifted_source_not_acquired,28,pending
0,exact_shifted_source_not_acquired,29,pending
0,exact_shifted_source_not_acquired,30,pending
0,exact_shifted_source_not_acquired,31,pending
0,exact_shifted_source_not_acquired,32,pending
0,exact_shifted_source_not_acquired,33,pending
0,exact_shifted_source_not_acquired,34,pending
0,exact_shifted_source_not_acquired,35,pending
0,exact_shifted_source_not_acquired,36,pending
0,exact_shifted_source_not_acquired,37,pending
0,exact_shifted_source_not_acquired,38,pending
0,exact_shifted_source_not_acquired,39,pending
0,exact_shifted_source_not_acquired,40,pending
0,exact_shifted_source_not_acquired,41,pending
0,exact_shifted_source_not_acquired,42,pending
0,exact_shifted_source_not_acquired,43,pending
0,exact_shifted_source_not_acquired,44,pending
0,exact_shifted_source_not_acquired,45,pending
0,exact_shifted_source_not_acquired,46,pending
0,exact_shifted_source_not_acquired,47,pending
0,exact_shifted_source_not_acquired,48,pending
0,exact_shifted_source_not_acquired,49,pending
0,exact_shifted_source_not_acquired,50,pending
0,exact_shifted_source_not_acquired,51,pending
0,exact_shifted_source_not_acquired,52,pending
0,exact_shifted_source_not_acquired,53,pending
0,exact_shifted_source_not_acquired,54,pending
0,exact_shifted_source_not_acquired,55,pending
0,exact_shifted_source_not_acquired,56,pending
0,exact_shifted_source_not_acquired,57,pending
0,exact_shifted_source_not_acquired,58,pending
0,exact_shifted_source_not_acquired,59,pending
0,exact_shifted_source_not_acquired,60,pending
0,exact_shifted_source_not_acquired,61,pending
0,exact_shifted_source_not_acquired,62,pending
0,exact_shifted_source_not_acquired,63,pending
0,exact_shifted_source_not_acquired,64,pending
0,exact_shifted_source_not_acquired,65,pending
0,exact_shifted_source_not_acquired,66,pending
0,exact_shifted_source_not_acquired,67,pending
0,exact_shifted_source_not_acquired,68,pending
0,exact_shifted_source_not_acquired,69,pending
0,exact_shifted_source_not_acquired,70,pending
0,exact_shifted_source_not_acquired,71,pending
0,exact_shifted_source_not_acquired,72,pending
0,exact_shifted_source_not_acquired,73,pending
0,exact_shifted_source_not_acquired,74,pending
0,exact_shifted_source_not_acquired,75,pending
0,exact_shifted_source_not_acquired,76,pending
0,exact_shifted_source_not_acquired,77,pending
0,exact_shifted_source_not_acquired,78,pending
0,exact_shifted_source_not_acquired,79,pending
0,exact_shifted_source_not_acquired,80,pending
0,exact_shifted_source_not_acquired,81,pending
0,exact_shifted_source_not_acquired,82,pending
0,exact_shifted_source_not_acquired,83,pending
0,exact_shifted_source_not_acquired,84,pending
0,exact_shifted_source_not_acquired,85,pending
0,exact_shifted_source_not_acquired,86,pending
0,exact_shifted_source_not_acquired,87,pending
0,exact_shifted_source_not_acquired,88,pending
0,exact_shifted_source_not_acquired,89,pending
0,exact_shifted_source_not_acquired,90,pending
0,exact_shifted_source_not_acquired,91,pending
0,exact_shifted_source_not_acquired,92,pending
0,exact_shifted_source_not_acquired,93,pending
0,exact_shifted_source_not_acquired,94,pending
0,exact_shifted_source_not_acquired,95,pending
0,exact_shifted_source_not_acquired,96,pending
0,exact_shifted_source_not_acquired,97,pending
0,exact_shifted_source_not_acquired,98,pending
0,exact_shifted_source_not_acquired,99,pending
0,exact_shifted_source_not_acquired,100,pending
0,exact_shifted_source_not_acquired,101,pending
0,exact_shifted_source_not_acquired,102,pending
0,exact_shifted_source_not_acquired,103,pending
0,exact_shifted_source_not_acquired,104,pending
0,exact_shifted_source_not_acquired,105,pending
0,exact_shifted_source_not_acquired,106,pending
0,exact_shifted_source_not_acquired,107,pending
0,exact_shifted_source_not_acquired,108,pending
0,exact_shifted_source_not_acquired,109,pending
0,exact_shifted_source_not_acquired,110,pending
0,exact_shifted_source_not_acquired,111,pending
0,exact_shifted_source_not_acquired,112,pending
0,exact_shifted_source_not_acquired,113,pending
0,exact_shifted_source_not_acquired,114,pending
0,exact_shifted_source_not_acquired,115,pending
0,exact_shifted_source_not_acquired,116,pending
0,exact_shifted_source_not_acquired,117,pending
0,exact_shifted_source_not_acquired,118,pending
0,exact_shifted_source_not_acquired,119,pending
0,exact_shifted_source_not_acquired,120,pending
0,exact_shifted_source_not_acquired,121,pending
0,exact_shifted_source_not_acquired,122,pending
0,exact_shifted_source_not_acquired,123,pending
0,exact_shifted_source_not_acquired,124,pending
0,exact_shifted_source_not_acquired,125,pending
0,exact_shifted_source_not_acquired,126,pending
0,exact_shifted_source_not_acquired,127,pending
0,exact_shifted_source_not_acquired,128,pending
0,exact_shifted_source_not_acquired,129,pending
0,exact_shifted_source_not_acquired,130,pending
0,exact_shifted_source_not_acquired,131,pending
0,exact_shifted_source_not_acquired,132,pending
0,exact_shifted_source_not_acquired,133,pending
0,exact_shifted_source_not_acquired,134,pending
0,exact_shifted_source_not_acquired,135,pending
0,exact_shifted_source_not_acquired,136,pending
0,exact_shifted_source_not_acquired,137,pending
0,exact_shifted_source_not_acquired,138,pending
0,exact_shifted_source_not_acquired,139,pending
0,exact_shifted_source_not_acquired,140,pending
0,exact_shifted_source_not_acquired,141,pending
0,exact_shifted_source_not_acquired,142,pending
0,exact_shifted_source_not_acquired,143,pending
0,exact_shifted_source_not_acquired,144,pending
0,exact_shifted_source_not_acquired,145,pending
0,exact_shifted_source_not_acquired,146,pending
0,exact_shifted_source_not_acquired,147,pending
0,exact_shifted_source_not_acquired,148,pending
0,exact_shifted_source_not_acquired,149,pending
0,exact_shifted_source_not_acquired,150,pending
0,exact_shifted_source_not_acquired,151,pending
0,exact_shifted_source_not_acquired,152,pending
0,exact_shifted_source_not_acquired,153,pending
0,exact_shifted_source_not_acquired,154,pending
0,exact_shifted_source_not_acquired,155,pending
0,exact_shifted_source_not_acquired,156,pending
0,exact_shifted_source_not_acquired,157,pending
0,exact_shifted_source_not_acquired,158,pending
0,exact_shifted_source_not_acquired,159,pending
0,exact_shifted_source_not_acquired,160,pending
0,exact_shifted_source_not_acquired,161,pending
0,exact_shifted_source_not_acquired,162,pending
0,exact_shifted_source_not_acquired,163,pending
0,exact_shifted_source_not_acquired,164,pending
0,exact_shifted_source_not_acquired,165,pending
0,exact_shifted_source_not_acquired,166,pending
0,exact_shifted_source_not_acquired,167,pending
0,exact_shifted_source_not_acquired,168,pending
0,exact_shifted_source_not_acquired,169,pending
0,exact_shifted_source_not_acquired,170,pending
0,exact_shifted_source_not_acquired,171,pending
0,exact_shifted_source_not_acquired,172,pending
0,exact_shifted_source_not_acquired,173,pending
0,exact_shifted_source_not_acquired,174,pending
0,exact_shifted_source_not_acquired,175,pending
0,exact_shifted_source_not_acquired,176,pending
0,exact_shifted_source_not_acquired,177,pending
0,exact_shifted_source_not_acquired,178,pending
0,exact_shifted_source_not_acquired,179,pending
0,exact_shifted_source_not_acquired,180,pending
0,exact_shifted_source_not_acquired,181,pending
0,exact_shifted_source_not_acquired,182,pending
0,exact_shifted_source_not_acquired,183,pending
0,exact_shifted_source_not_acquired,184,pending
0,exact_shifted_source_not_acquired,185,pending
0,exact_shifted_source_not_acquired,186,pending
0,exact_shifted_source_not_acquired,187,pending
0,exact_shifted_source_not_acquired,188,pending
0,exact_shifted_source_not_acquired,189,pending
0,exact_shifted_source_not_acquired,190,pending
0,exact_shifted_source_not_acquired,191,pending
0,exact_shifted_source_not_acquired,192,pending
0,exact_shifted_source_not_acquired,193,pending
0,exact_shifted_source_not_acquired,194,pending
0,exact_shifted_source_not_acquired,195,pending
0,exact_shifted_source_not_acquired,196,pending
0,exact_shifted_source_not_acquired,197,pending
0,exact_shifted_source_not_acquired,198,pending
