effect_id,observed,placebo_tail_fraction,replicas,status,study
H23:overlay_increment:ordinary,0.02250047055808137,,0,pending,H23
H23:strategy_increment:ordinary,-0.011417370089568873,,0,pending,H23
H23:hedge_increment:ordinary,-0.022451322063657995,,0,pending,H23
H23:event_downside_reduction:ordinary,-0.00041016607735958055,,0,pending,H23
H23:event_return_drag:ordinary,-0.00041016607735958055,,0,pending,H23
H24:overlay_increment:ordinary,0.006960917896542594,,0,pending,H24
H24:strategy_increment:ordinary,0.02108632350498473,,0,pending,H24
H24:hedge_increment:ordinary,,,0,pending,H24
H24:event_downside_reduction:ordinary,,,0,pending,H24
H24:event_return_drag:ordinary,,,0,pending,H24
H25:overlay_increment:ordinary,0.006275671428682772,,0,pending,H25
H25:strategy_increment:ordinary,-0.0029147233737967897,,0,pending,H25
H25:hedge_increment:ordinary,-0.022451322063657995,,0,pending,H25
H25:event_downside_reduction:ordinary,-0.00041016607735958055,,0,pending,H25
H25:event_return_drag:ordinary,-0.00041016607735958055,,0,pending,H25
H25:overlay_increment:debt_only,,,0,pending,H25
H25:hedge_increment:debt_only,,,0,pending,H25
H25:overlay_increment:underwriting_only,,,0,pending,H25
H25:hedge_increment:underwriting_only,,,0,pending,H25
