annualized_return,annualized_volatility,end,max_drawdown,reason,role,sessions,shape,sharpe,start,status,stock_only,study,turnover,variant,year
0.0,0.0,2025-12-31,0.0,,debt_only,1003,covered_call,,2022-01-03,completed_descriptive,False,H25,0.0,primary,all
0.0,0.0,2022-12-30,0.0,annual_turnover_not_available,debt_only,251,covered_call,,2022-01-03,completed_descriptive,False,H25,,primary,2022
0.0,0.0,2023-12-29,0.0,annual_turnover_not_available,debt_only,250,covered_call,,2023-01-03,completed_descriptive,False,H25,,primary,2023
0.0,0.0,2024-12-31,0.0,annual_turnover_not_available,debt_only,252,covered_call,,2024-01-02,completed_descriptive,False,H25,,primary,2024
0.0,0.0,2025-12-31,0.0,annual_turnover_not_available,debt_only,250,covered_call,,2025-01-02,completed_descriptive,False,H25,,primary,2025
0.0,0.0,2025-12-31,0.0,,debt_only,1003,covered_call,,2022-01-03,completed_descriptive,True,H25,0.0,primary,all
0.0,0.0,2022-12-30,0.0,annual_turnover_not_available,debt_only,251,covered_call,,2022-01-03,completed_descriptive,True,H25,,primary,2022
0.0,0.0,2023-12-29,0.0,annual_turnover_not_available,debt_only,250,covered_call,,2023-01-03,completed_descriptive,True,H25,,primary,2023
0.0,0.0,2024-12-31,0.0,annual_turnover_not_available,debt_only,252,covered_call,,2024-01-02,completed_descriptive,True,H25,,primary,2024
0.0,0.0,2025-12-31,0.0,annual_turnover_not_available,debt_only,250,covered_call,,2025-01-02,completed_descriptive,True,H25,,primary,2025
-0.00017167354784308753,0.0004927462280185478,2025-12-31,-0.0008522657141419865,,event,1003,covered_call,-0.3481851838713335,2022-01-03,completed_descriptive,False,H25,0.13009223958147248,primary,all
-0.00029074618763724747,0.0008172243521352667,2022-12-30,-0.0006077084852894599,annual_turnover_not_available,event,251,covered_call,-0.35541727576961946,2022-01-03,completed_descriptive,False,H25,,primary,2022
-0.00030048557856765523,0.0004560312138061297,2023-12-29,-0.0008517380034817057,annual_turnover_not_available,event,250,covered_call,-0.6587860203668917,2023-01-03,completed_descriptive,False,H25,,primary,2023
-9.556195291071656e-05,0.0003122457107003059,2024-12-31,-0.00033443604922045456,annual_turnover_not_available,event,252,covered_call,-0.3059063308567734,2024-01-02,completed_descriptive,False,H25,,primary,2024
0.0,0.0,2025-12-31,0.0,annual_turnover_not_available,event,250,covered_call,,2025-01-02,completed_descriptive,False,H25,,primary,2025
-0.0001967114168081041,0.0007738509135041422,2025-12-31,-0.001505857323860993,,event,1003,covered_call,-0.25383640543441693,2022-01-03,completed_descriptive,True,H25,0.1245950435658833,primary,all
-0.000529192014776303,0.0011220604598321847,2022-12-30,-0.0009924725696617287,annual_turnover_not_available,event,251,covered_call,-0.4711906420404947,2022-01-03,completed_descriptive,True,H25,,primary,2022
-0.00013878879654660725,0.0009818332977013734,2023-12-29,-0.001505857323860993,annual_turnover_not_available,event,250,covered_call,-0.14087763212652984,2023-01-03,completed_descriptive,True,H25,,primary,2023
-0.00011808429150239608,0.00042386525620692915,2024-12-31,-0.00046631700975829915,annual_turnover_not_available,event,252,covered_call,-0.2783944743562445,2024-01-02,completed_descriptive,True,H25,,primary,2024
0.0,0.0,2025-12-31,0.0,annual_turnover_not_available,event,250,covered_call,,2025-01-02,completed_descriptive,True,H25,,primary,2025
0.00048687964075799783,0.0008823580829612395,2025-12-31,-0.0011744461999999567,,ordinary,1003,covered_call,0.5521007328544584,2022-01-03,completed_descriptive,False,H25,0.18210472922151835,primary,all
-0.00020758707305890134,0.0014309231302774828,2022-12-30,-0.0011744461999999567,annual_turnover_not_available,ordinary,251,covered_call,-0.14437438648226883,2022-01-03,completed_descriptive,False,H25,,primary,2022
0.0011799264021714606,0.0008658171144054803,2023-12-29,-0.00041222416206754264,annual_turnover_not_available,ordinary,250,covered_call,1.3624203656915794,2023-01-03,completed_descriptive,False,H25,,primary,2023
0.0009747743551953292,0.0005650494802948166,2024-12-31,-0.00018169538862577994,annual_turnover_not_available,ordinary,252,covered_call,1.7245577033801482,2024-01-02,completed_descriptive,False,H25,,primary,2024
0.0,0.0,2025-12-31,0.0,annual_turnover_not_available,ordinary,250,covered_call,,2025-01-02,completed_descriptive,False,H25,,primary,2025
0.0007054883481347751,0.0012595687643509952,2025-12-31,-0.0016085461999999495,,ordinary,1003,covered_call,0.5605356017993259,2022-01-03,completed_descriptive,True,H25,0.1749082313356909,primary,all
-0.00014293636742901406,0.0019365870410842333,2022-12-30,-0.0016085461999999495,annual_turnover_not_available,ordinary,251,covered_call,-0.07284892848029985,2022-01-03,completed_descriptive,True,H25,,primary,2022
0.0014431802393926052,0.0012526201905286671,2023-12-29,-0.0008170026712157608,annual_turnover_not_available,ordinary,250,covered_call,1.1519256239368207,2023-01-03,completed_descriptive,True,H25,,primary,2023
0.0015198043515154414,0.0010157910820374108,2024-12-31,-0.0005207338413927287,annual_turnover_not_available,ordinary,252,covered_call,1.4955525049658307,2024-01-02,completed_descriptive,True,H25,,primary,2024
0.0,0.0,2025-12-31,0.0,annual_turnover_not_available,ordinary,250,covered_call,,2025-01-02,completed_descriptive,True,H25,,primary,2025
0.0,0.0,2025-12-31,0.0,,underwriting_only,1003,covered_call,,2022-01-03,completed_descriptive,False,H25,0.0,primary,all
0.0,0.0,2022-12-30,0.0,annual_turnover_not_available,underwriting_only,251,covered_call,,2022-01-03,completed_descriptive,False,H25,,primary,2022
0.0,0.0,2023-12-29,0.0,annual_turnover_not_available,underwriting_only,250,covered_call,,2023-01-03,completed_descriptive,False,H25,,primary,2023
0.0,0.0,2024-12-31,0.0,annual_turnover_not_available,underwriting_only,252,covered_call,,2024-01-02,completed_descriptive,False,H25,,primary,2024
0.0,0.0,2025-12-31,0.0,annual_turnover_not_available,underwriting_only,250,covered_call,,2025-01-02,completed_descriptive,False,H25,,primary,2025
0.0,0.0,2025-12-31,0.0,,underwriting_only,1003,covered_call,,2022-01-03,completed_descriptive,True,H25,0.0,primary,all
0.0,0.0,2022-12-30,0.0,annual_turnover_not_available,underwriting_only,251,covered_call,,2022-01-03,completed_descriptive,True,H25,,primary,2022
0.0,0.0,2023-12-29,0.0,annual_turnover_not_available,underwriting_only,250,covered_call,,2023-01-03,completed_descriptive,True,H25,,primary,2023
0.0,0.0,2024-12-31,0.0,annual_turnover_not_available,underwriting_only,252,covered_call,,2024-01-02,completed_descriptive,True,H25,,primary,2024
0.0,0.0,2025-12-31,0.0,annual_turnover_not_available,underwriting_only,250,covered_call,,2025-01-02,completed_descriptive,True,H25,,primary,2025
0.0,0.0,2025-12-31,0.0,,debt_only,1003,protective_put,,2022-01-03,completed_descriptive,False,H25,0.0,primary,all
0.0,0.0,2022-12-30,0.0,annual_turnover_not_available,debt_only,251,protective_put,,2022-01-03,completed_descriptive,False,H25,,primary,2022
0.0,0.0,2023-12-29,0.0,annual_turnover_not_available,debt_only,250,protective_put,,2023-01-03,completed_descriptive,False,H25,,primary,2023
0.0,0.0,2024-12-31,0.0,annual_turnover_not_available,debt_only,252,protective_put,,2024-01-02,completed_descriptive,False,H25,,primary,2024
0.0,0.0,2025-12-31,0.0,annual_turnover_not_available,debt_only,250,protective_put,,2025-01-02,completed_descriptive,False,H25,,primary,2025
0.0,0.0,2025-12-31,0.0,,debt_only,1003,protective_put,,2022-01-03,completed_descriptive,True,H25,0.0,primary,all
0.0,0.0,2022-12-30,0.0,annual_turnover_not_available,debt_only,251,protective_put,,2022-01-03,completed_descriptive,True,H25,,primary,2022
0.0,0.0,2023-12-29,0.0,annual_turnover_not_available,debt_only,250,protective_put,,2023-01-03,completed_descriptive,True,H25,,primary,2023
0.0,0.0,2024-12-31,0.0,annual_turnover_not_available,debt_only,252,protective_put,,2024-01-02,completed_descriptive,True,H25,,primary,2024
0.0,0.0,2025-12-31,0.0,annual_turnover_not_available,debt_only,250,protective_put,,2025-01-02,completed_descriptive,True,H25,,primary,2025
-0.00016854354340689603,0.000627527141246241,2025-12-31,-0.0009888339185158967,,event,1003,protective_put,-0.26829277640704424,2022-01-03,completed_descriptive,False,H25,0.10421850173362297,primary,all
-0.000642163653334582,0.0005711362743474,2022-12-30,-0.0006396161999999705,annual_turnover_not_available,event,251,protective_put,-1.1244367929219559,2022-01-03,completed_descriptive,False,H25,,primary,2022
7.185408511145575e-05,0.0007679545694555422,2023-12-29,-0.0008271369936859729,annual_turnover_not_available,event,250,protective_put,0.09394462575173863,2023-01-03,completed_descriptive,False,H25,,primary,2023
9.350934865648419e-05,0.0001645763117007927,2024-12-31,-0.00016183078105569404,annual_turnover_not_available,event,252,protective_put,0.568237810435593,2024-01-02,completed_descriptive,False,H25,,primary,2024
-0.00019739931307127812,0.0007991739776610804,2025-12-31,-0.0009475517833701375,annual_turnover_not_available,event,250,protective_put,-0.24663052322209247,2025-01-02,completed_descriptive,False,H25,,primary,2025
-0.00014393507806687023,0.0009011320375712832,2025-12-31,-0.0012970490294104131,,event,1003,protective_put,-0.1592882831868663,2022-01-03,completed_descriptive,True,H25,0.0979811724103756,primary,all
-0.0006335796113247083,0.0010840839757489207,2022-12-30,-0.0008566533842849777,annual_turnover_not_available,event,251,protective_put,-0.5840822369510177,2022-01-03,completed_descriptive,True,H25,,primary,2022
0.00013181695973241148,0.0009573235152531481,2023-12-29,-0.0011095245861664216,annual_turnover_not_available,event,250,protective_put,0.13816089896728317,2023-01-03,completed_descriptive,True,H25,,primary,2023
0.00012511880669818787,0.00019897909903640796,2024-12-31,-0.00018773273733174722,annual_turnover_not_available,event,252,protective_put,0.6288636805701167,2024-01-02,completed_descriptive,True,H25,,primary,2024
-0.0001990938854289359,0.001062930851761238,2025-12-31,-0.0012123879833407791,annual_turnover_not_available,event,250,protective_put,-0.1867958383496195,2025-01-02,completed_descriptive,True,H25,,primary,2025
0.00015227298973119474,0.0005246453186378081,2025-12-31,-0.0008064462000000328,,ordinary,1003,protective_put,0.2904799147876142,2022-01-03,completed_descriptive,False,H25,0.08360736726038516,primary,all
-0.0004958268810569821,0.0008179499569932615,2022-12-30,-0.0008064462000000328,annual_turnover_not_available,ordinary,251,protective_put,-0.6059247897856403,2022-01-03,completed_descriptive,False,H25,,primary,2022
0.0,0.0,2023-12-29,0.0,annual_turnover_not_available,ordinary,250,protective_put,,2023-01-03,completed_descriptive,False,H25,,primary,2023
0.0011006115477989464,0.0006534614423665315,2024-12-31,-0.00042477892873393763,annual_turnover_not_available,ordinary,252,protective_put,1.6836821198638663,2024-01-02,completed_descriptive,False,H25,,primary,2024
0.0,0.0,2025-12-31,0.0,annual_turnover_not_available,ordinary,250,protective_put,,2025-01-02,completed_descriptive,False,H25,,primary,2025
0.0004003125636240501,0.0010895280346361442,2025-12-31,-0.0016085461999999495,,ordinary,1003,protective_put,0.36788940006614745,2022-01-03,completed_descriptive,True,H25,0.0778721643898311,primary,all
-0.00048774482512004,0.001906831550846561,2022-12-30,-0.0016085461999999495,annual_turnover_not_available,ordinary,251,protective_put,-0.2549003562009798,2022-01-03,completed_descriptive,True,H25,,primary,2022
0.0,0.0,2023-12-29,0.0,annual_turnover_not_available,ordinary,250,protective_put,,2023-01-03,completed_descriptive,True,H25,,primary,2023
0.0020810790085770137,0.0010496134329941128,2024-12-31,-0.0005213666238049752,annual_turnover_not_available,ordinary,252,protective_put,1.981180466189979,2024-01-02,completed_descriptive,True,H25,,primary,2024
0.0,0.0,2025-12-31,0.0,annual_turnover_not_available,ordinary,250,protective_put,,2025-01-02,completed_descriptive,True,H25,,primary,2025
0.0,0.0,2025-12-31,0.0,,underwriting_only,1003,protective_put,,2022-01-03,completed_descriptive,False,H25,0.0,primary,all
0.0,0.0,2022-12-30,0.0,annual_turnover_not_available,underwriting_only,251,protective_put,,2022-01-03,completed_descriptive,False,H25,,primary,2022
0.0,0.0,2023-12-29,0.0,annual_turnover_not_available,underwriting_only,250,protective_put,,2023-01-03,completed_descriptive,False,H25,,primary,2023
0.0,0.0,2024-12-31,0.0,annual_turnover_not_available,underwriting_only,252,protective_put,,2024-01-02,completed_descriptive,False,H25,,primary,2024
0.0,0.0,2025-12-31,0.0,annual_turnover_not_available,underwriting_only,250,protective_put,,2025-01-02,completed_descriptive,False,H25,,primary,2025
0.0,0.0,2025-12-31,0.0,,underwriting_only,1003,protective_put,,2022-01-03,completed_descriptive,True,H25,0.0,primary,all
0.0,0.0,2022-12-30,0.0,annual_turnover_not_available,underwriting_only,251,protective_put,,2022-01-03,completed_descriptive,True,H25,,primary,2022
0.0,0.0,2023-12-29,0.0,annual_turnover_not_available,underwriting_only,250,protective_put,,2023-01-03,completed_descriptive,True,H25,,primary,2023
0.0,0.0,2024-12-31,0.0,annual_turnover_not_available,underwriting_only,252,protective_put,,2024-01-02,completed_descriptive,True,H25,,primary,2024
0.0,0.0,2025-12-31,0.0,annual_turnover_not_available,underwriting_only,250,protective_put,,2025-01-02,completed_descriptive,True,H25,,primary,2025
